-- MySQL dump 10.13  Distrib 8.0.36, for Win64 (x86_64)

/*!40101 SET @OLD_CHARACTER_SET_CLIENT=@@CHARACTER_SET_CLIENT */;
/*!40101 SET @OLD_CHARACTER_SET_RESULTS=@@CHARACTER_SET_RESULTS */;
/*!40101 SET @OLD_COLLATION_CONNECTION=@@COLLATION_CONNECTION */;
/*!50503 SET NAMES utf8mb4 */;
/*!40103 SET @OLD_TIME_ZONE=@@TIME_ZONE */;
/*!40103 SET TIME_ZONE='+00:00' */;
/*!40014 SET @OLD_UNIQUE_CHECKS=@@UNIQUE_CHECKS, UNIQUE_CHECKS=0 */;
/*!40014 SET @OLD_FOREIGN_KEY_CHECKS=@@FOREIGN_KEY_CHECKS, FOREIGN_KEY_CHECKS=0 */;
/*!40101 SET @OLD_SQL_MODE=@@SQL_MODE, SQL_MODE='NO_AUTO_VALUE_ON_ZERO' */;
/*!40111 SET @OLD_SQL_NOTES=@@SQL_NOTES, SQL_NOTES=0 */;

--
-- Table structure for table `base`
--

DROP TABLE IF EXISTS `BASE`;
/*!40101 SET @saved_cs_client     = @@character_set_client */;
/*!50503 SET character_set_client = utf8mb4 */;
CREATE TABLE `BASE` (
  `id` bigint(20) NOT NULL AUTO_INCREMENT,
  `name` varchar(50) DEFAULT NULL,
  PRIMARY KEY (`id`)
) ENGINE=InnoDB AUTO_INCREMENT=11 DEFAULT CHARSET=utf8mb3 COLLATE=utf8mb3_general_ci;
/*!40101 SET character_set_client = @saved_cs_client */;

--
-- Dumping data for table `base`
--

LOCK TABLES `BASE` WRITE;
/*!40000 ALTER TABLE `BASE` DISABLE KEYS */;
INSERT INTO `BASE` VALUES (1,'champagne'),(2,'rum'),(3,'whisky'),(4,'vodka'),(5,'gin'),(6,'tequila'),(7,'brandy'),(8,'liqueur'),(9,'wine'),(10,'bitters');
/*!40000 ALTER TABLE `BASE` ENABLE KEYS */;
UNLOCK TABLES;

--
-- Table structure for table `COCKTAIL`
--

DROP TABLE IF EXISTS `COCKTAIL`;
/*!40101 SET @saved_cs_client     = @@character_set_client */;
/*!50503 SET character_set_client = utf8mb4 */;
CREATE TABLE `COCKTAIL` (
  `id` bigint(20) NOT NULL AUTO_INCREMENT,
  `glass_id` bigint(20) DEFAULT NULL,
  `color_id` bigint(20) DEFAULT NULL,
  `occasion_id` bigint(20) DEFAULT NULL,
  `collection_id` bigint(20) DEFAULT NULL,
  `name` varchar(100) DEFAULT NULL,
  `korean_name` varchar(100) DEFAULT NULL,
  `image` varchar(255) DEFAULT NULL,
  `recipe` varchar(255) DEFAULT NULL,
  `heart_count` int(11) DEFAULT NULL,
  `view_count` int(11) DEFAULT NULL,
  `alcohol_content` int(11) DEFAULT NULL,
  `sweetness` int(11) DEFAULT NULL,
  `iba` tinyint(1) DEFAULT 0,
  PRIMARY KEY (`id`),
  KEY `glass_id` (`glass_id`),
  KEY `collection_id` (`collection_id`),
  KEY `occasion_id` (`occasion_id`),
  KEY `color_id` (`color_id`),
  CONSTRAINT `COCKTAIL_ibfk_1` FOREIGN KEY (`glass_id`) REFERENCES `glass` (`id`),
  CONSTRAINT `COCKTAIL_ibfk_2` FOREIGN KEY (`collection_id`) REFERENCES `collection` (`id`),
  CONSTRAINT `COCKTAIL_ibfk_3` FOREIGN KEY (`occasion_id`) REFERENCES `occasion` (`id`),
  CONSTRAINT `COCKTAIL_ibfk_4` FOREIGN KEY (`color_id`) REFERENCES `color` (`id`)
) ENGINE=InnoDB AUTO_INCREMENT=3166 DEFAULT CHARSET=utf8mb3 COLLATE=utf8mb3_general_ci;
/*!40101 SET character_set_client = @saved_cs_client */;

--
-- Dumping data for table `COCKTAIL`
--

LOCK TABLES `COCKTAIL` WRITE;
/*!40000 ALTER TABLE `COCKTAIL` DISABLE KEYS */;
INSERT INTO `COCKTAIL` VALUES (1,7,10,22,73,'[IBA]French Martini','[IBA]프렌치 마티니',NULL,'1. 셰이커에 얼음과 주재료를 넣고 잘 흔들어준다.|2. 얼음을 걸러 차갑게 식힌 칵테일 글라스에 따라준다.|3. 레몬 필을 뿌려 가니쉬해준다.',3073,3079,27,2,1),(2,19,5,22,73,'[IBA]Tommy’s Margarita','[IBA]토미스 마가리타',NULL,'1. 셰이커에 주재료와 얼음을 넣고 잘 흔들어준다.|2. 잔에 얼음을 채우고 셰이커에서 얼음을 걸러내 따라준다.|3. 라임 슬라이스로 가니쉬해준다.',3074,3080,22,4,1),(3,7,1,22,73,'[IBA]Trinidad Sour','[IBA]트리니다드 사워',NULL,'1. 셰이커에 주재료와 얼음을 넣고 잘 흔들어준다.|2. 얼음을 걸러 차갑게 식힌 칵테일 글라스에 따라준다.',3075,3082,23,4,1),(4,7,9,22,73,'[IBA]Tipperary','[IBA]티퍼러리',NULL,'1. 믹싱 글라스에 얼음과 주래료를 넣고 잘 저어준다.|2. 얼음을 걸러 차갑게 식힌 칵테일 글라스에 따라준다.|3. 오렌지 슬라이스로 가니쉬해준다.',3076,3077,31,2,1),(5,4,7,22,73,'[IBA]Paloma','[IBA]팔로마',NULL,'1. 하이볼 글라스에 데킬라와 라임즙, 소금을 넣는다.|2. 얼음을 넣고 자몽 소다로 채운 뒤 가볍게 저어준다.|3. 라임 슬라이스로 가니쉬해준다.',3077,3078,14,4,1),(6,9,3,22,73,'[IBA]Penicillin','[IBA]페니실린',NULL,'1. 셰이커에 생강을 넣고 머들러로 빻아준다.|2. 라가불린을 제외한 모든 주재료와 얼음을 넣고 흔들어준다.|3. 더블 스트레인으로 얼음을 걸러 얼음을 채운 잔에 따라준다.|4. 잔 벽면에 바 스푼 뒷면을 대고 라가불린을 흘려보내 띄워준다.|5. 진저 캔디로 가니쉬해준다.',3078,3079,26,4,1),(7,9,2,22,73,'[IBA]Fernandito','[IBA]페르난디토',NULL,'1. 잔에 얼음을 채우고 페르넷 브랭커를 부어준다.|2. 콜라로 채워준다.',3079,3084,39,4,1),(8,7,9,22,73,'[IBA]Paper Plane','[IBA]페이퍼 플레인',NULL,'1. 셰이커에 주재료와 얼음을 넣고 잘 흔들어준다.|2. 얼음을 걸러 차갑게 식힌 칵테일 글라스에 따라준다.',3080,3085,19,3,1),(9,7,4,22,73,'[IBA]Spicy Fifty','[IBA]스파이시 피프티',NULL,'1. 셰이커에 주재료와 얼음을 넣어주고 잘 흔들어준다.|2. 더블 스트레인으로 차갑게 식힌 칵테일 글라스에 따라준다.|3. 홍고추로 가니쉬해준다.',3081,3086,20,3,1),(10,18,9,22,73,'[IBA]Spritz','[IBA]스프리츠',NULL,'1. 잔에 얼음을 채우고 아페롤과 프로세코를 부어준다.|2. 탄산수로 채워준 뒤 가볍게 저어준다.|3. 오렌지 슬라이스로 가니쉬해준다.',3082,3088,11,2,1),(11,7,2,22,73,'[IBA]Espresso Martini','[IBA]에스프레소 마티니',NULL,'1. 세이커에 주재료와 얼음을 넣어주고 잘 흔들어준다.|2. 얼음을 걸러내 차갑게 식힌 마티니 글라스에 따라준다. 가니쉬는 따로 없다.',3083,3089,18,2,1),(12,7,3,22,73,'[IBA]Yellow Bird','[IBA]옐로 버드',NULL,'1. 셰이커에 주재료와 얼음을 넣어주고 잘 흔들어준다.|2. 얼음을 걸러 차갑게 식힌 칵테일 글라스에 따라준다.',3084,3085,31,4,1),(13,7,9,22,73,'[IBA]Old Cuban','[IBA]올드 쿠반',NULL,'1. 셰이커에 얼음과 와인을 제외한 모든 주재료를 넣고 잘 흔들어준다.|2. 얼음을 걸러 칵테일 글라스에 따라준다.|3. 와인을 부어 채워준다.|4. 민트 잎가지로 가니쉬해준다.',3085,3086,21,4,1),(14,7,3,22,73,'[IBA]Illegal','[IBA]일레갈',NULL,'1. 셰이커에 주재료와 얼음을 넣고 잘 흔들어준다.|2. 얼음을 걸러 차갑게 식힌 칵테일 글라스 또는 테라코타 머그잔에 따라준다. 테라코타 머그잔에 따를 시 얼음을 먼저 채워준다.',3086,3093,29,4,1),(15,9,5,22,73,'[IBA]Canchanchara','[IBA]칸찬차라',NULL,'1. 물과 꿀. 라임즙을 섞어 잔 안에 골고루 묻혀준다.|2. 럼을 부어주고 위아래로 강하게 저어준다.|3. 라임 웨지로 가니쉬해준다.',3087,3097,16,4,1),(16,11,1,22,73,'[IBA]Russian Spring Punch','[IBA]러시안 스프링 펀치',NULL,'1. 스파클링 와인을 제외한 모든 주재료들을 얼음과 함께 셰이커에 넣어주고 잘 흔들어준다.|2. 텀블러 글라스에 얼음을 채우고 셰이커를 얼음을 걸러내 따라준다.|3. 스파클링 와인으로 채워준다.|4. 블랙베리와 원한다면 레몬 슬라이스로 가니쉬해준다.',3089,3094,16,4,1),(17,7,4,22,73,'[IBA]Lemon Drop Martini','[IBA]레몬 드롭 마티니',NULL,'1. 레몬을 잘라 차갑게 식힌 잔의 입이 닿는 림(rim)에 레몬즙을 발라주고 설탕을 묻혀 리밍해준다.|2. 셰이커에 얼음과 주재료를 넣고 잘 흔들어준다.|3. 얼음을 걸러 잔에 따라준다.',3089,3094,28,3,1),(18,4,9,22,73,'[IBA]Barracuda','[IBA]바라쿠다',NULL,'1. 셰이커에 프로세코를 제외한 모든 주재료와 얼음을 넣고 잘 흔들어준다.|2. 얼음을 걸러내 얼음을 채운 하이볼 글라스에 따라준다.|3. 프로세코로 채워준다.|4. 파인애플과 체리로 가니쉬해준다. 향을 더하고 싶다면 민트 잎가지를 꽂아 장식해줄 수 있다.',3090,3097,20,2,1),(19,11,3,22,73,'[IBA]VE.N.TO','[IBA]벤토',NULL,'1. 셰이커에 주재료와 얼음을 넣고 활기차게 흔들어준다.|2. 얼음을 걸러 얼음을 채운 작은 텀블러 글라스에 따라준다.|3. 청포도와 레몬 제스트로 가니쉬해준다.',3091,3096,4,3,1),(20,9,1,22,73,'[IBA]Bramble','[IBA]브램블',NULL,'1. 셰이커에 큐브 얼음과 크렘 드 뮈르를 제외한 나머지 주재료들을 넣어주고 잘 흔들어준다.|2. 얼음을 걸러내 잘게 부순 얼음을 채운 잔에 따라준다.|3. 크렘 드 뮈르를 얼음 위에 천천히 부어준다. 원한다면 블랙베리와 레몬 슬라이스로 가니쉬해준다.',3092,3097,24,3,1),(21,7,3,22,73,'[IBA]Bee’s Knees','[IBA]비스 니즈',NULL,'1. 셰이커에 꿀 시럽과 레몬즙, 오렌지주스를 넣 섞어 꿀을 녹여준다.|2. 진과 얼음을 추가하고 잘 흔들어준다.|3. 얼음을 걸러 차갑게 식힌 칵테일 글라스에 따라준다. 원한다면 레몬이나 오렌지 제스트로 가니쉬해준다.',3093,3099,22,3,1),(22,7,4,22,73,'[IBA]Southside','[IBA]사이스하이드',NULL,'1. 셰이커에 주재료와 얼음을 넣고 잘 흔들어준다. 달걀 흰자를 추가했을 경우 조금 더 강하게 흔들어준다.|2. 얼음을 걸러 차갑게 식힌 칵테일 글라스에 따라주고 민트 잎으로 가니쉬해준다.',3094,3095,25,3,1),(23,17,5,22,73,'[IBA]Suffering Bastard','[IBA]서퍼링 바스타드',NULL,'1. 셰이커에 진저비어를 제외한 모든 주재료와 얼음을 넣고 잘 흔들어준다.|2. 얼음을 거르지 않고 콜린스 글라스 또는 전용 머그컵에 부어준다.|3. 민트 잎으로 가니쉬해준다. 원한다면 오렌지 슬라이스도 추가해줄 수 있다.',3095,3100,37,1,1),(24,9,2,22,73,'[IBA]French Connection','[IBA]프렌치 커넥션',NULL,'1. 잔에 얼음을 채워주고 주재료를 모두 넣어준 뒤 가볍게 저어준다.',3096,3102,32,3,1),(25,14,3,22,73,'[IBA]Piña Colada','[IBA]피냐 콜라다',NULL,'1. 블렌더에 얼음과 주재료를 넣어주고 갈아준다.|2. 큰 유리잔에 따라주고, 체리와 파인애플로 가니쉬해준다.',3097,3098,17,4,1),(26,16,3,22,73,'[IBA]Pisco Sour','[IBA]피스코 사워',NULL,'1. 셰이커에 주재료와 얼음을 넣고 잘 흔들어준다.|2. 얼음을 걸러 고블렛 글라스에 따라준다.|3. 아마르고 비터를 칵테일에 몇 방울 떨어트려 가니쉬해준다.',3098,3099,23,3,1),(27,7,4,22,73,'[IBA]Hemingway Special','[IBA]헤밍웨이 스페셜',NULL,'1. 셰이커에 주재료와 얼음을 넣고 잘 흔들어준다.|2. 얼음을 걸러 잔에 따라준다. 가니쉬는 따로 없다.',3099,3106,21,3,1),(28,4,3,22,73,'[IBA]Horse’s Neck','[IBA]홀시스 넥',NULL,'1. 레몬을 돌려가며 길게 껍질을 모두 깎아준 뒤 잔 안에 말아준다.|2. 꼬냑과 진저 에일을 넣고 가볍게 저어준다. 원한다면 비터스도 추가해준다.',3101,3106,23,1,1),(29,7,9,22,73,'[IBA]Naked and Famous','[IBA]네이키드 앤 페이머스',NULL,'1. 셰이커에 주재료와 얼음을 넣고 잘 흔들어준다.|2. 얼음을 걸러 차갑게 식힌 잔에 따라준다. 가니쉬는 따로 없다.',3101,3106,24,4,1),(30,9,3,22,73,'[IBA]New York Sour','[IBA]뉴욕 사워',NULL,'1. 셰이커에 와인을 제외한 모든 주재료와 얼음을 넣고 잘 흔들어준다.|2. 얼음을 걸러내 얼음이 담긴 올드 패션드 글라스에 따라준다.|3. 잔에 바 스푼이나 숟가락 뒷면을 대고 천천히 와인을 흘려보내 칵테일 위로 띄워준다.|4. 레몬또는 오렌지 제스트와 체리로 가니쉬해준다.',3102,3104,22,4,1),(31,4,3,22,73,'[IBA]Dark ‘n’ Stormy','[IBA]다크 앤 스토미',NULL,'1. 하이볼 글라스에 얼음과 주재료들을 모두 부어준다.|2. 라임 웨지 또는 슬라이스로 가니쉬해준다.',3103,3109,18,1,1),(32,14,1,22,73,'[IBA]Singapore Sling','[IBA]싱가폴 슬링',NULL,'1. 셰이커에 얼음을 채우고 주재료들을 모두 넣어준 뒤 잘 흔들어준다.|2. 얼음을 걸러내 허리케인 글라스에 따라준다.|3. 파인애플과 마라스키노 체리로 가니쉬해준다.',3104,3109,10,3,1),(33,15,2,22,73,'[IBA]Irish Coffee','[IBA]아이리시 커피',NULL,'1. 뜨거운 블랙 커피를 따뜻하게 해놓은 아이리시 커피 잔에 부어준다.|2. 위스키와 설탕을 넣어주고 잘 저어준다.|3. 크림을 잔 벽면에 바 스푼 뒷면을 대고 천천히 흘려보내 띄워준다.',3105,3106,8,3,1),(34,11,9,22,73,'[IBA]Zombie','[IBA]좀비',NULL,'1. 블렌더에 주재료들과 잘게 부순 얼음을 해당 용량만큼 넣어주고 갈아준다.|2. 긴 텀블러 글라스에 따라주고, 민트 잎으로 가니쉬해준다.',3107,3112,16,3,1),(35,9,6,22,73,'[IBA]Caipirinha','[IBA]카이피리냐',NULL,'1. 라임을 웨지 모양으로 썰어준다.|2. 썰은 라임과 설탕을 잔에 넣고 머들러로 짤 빻아준다.|3. 잔을 부순 얼음으로 채워주고, 카샤사를 넣어주고 잘 섞어준다.',3107,3112,33,4,1),(36,7,1,22,73,'[IBA]Cosmopolitan','[IBA]코스모폴리탄',NULL,'1. 셰이커에 주재료와 얼음을 넣고 잘 흔들어준다.|2. 얼음을 걸러내 차갑게 식힌 칵테일 글라스에 따라준다.|3. 레몬 필 트위스트로 가니쉬해준다.',3108,3113,21,3,1),(37,7,3,22,73,'[IBA]Corpse Reviver No.2','[IBA]콥스 리바이버 넘버 2',NULL,'1. 셰이커에 얼음과 주재료를 넣고 잘 흔들어준다.|2. 얼음을 걸러내 칵테일 글라스에 따라준다.|3. 오렌지 필 제스트로 가니쉬해준다.',3109,3110,26,4,1),(38,4,2,22,73,'[IBA]Cuba Libre','[IBA]쿠바 리브레',NULL,'1. 하이볼 글라스에 얼음을 채우고 모든 주재료를 넣어준다.|2. 라임 웨지로 가니쉬해준다.',3110,3116,12,4,1),(39,1,9,22,73,'[IBA]KIR','[IBA]키르',NULL,'1. 샴페인 글라스에 크렘 드 카시스를 부어준다.|2. 화이트 와인으로 채워준다. 가니쉬는 따로 없다.',3111,3112,12,2,1),(40,12,4,22,73,'[IBA]French 75','[IBA]프렌치 75',NULL,'1. 셰이커에 샴페인을 제외한 모든 주재료를 얼음과 넣어주고 잘 흔들어준다.|2. 얼음을 걸러내 플루트 글라스에 따라준다.|3. 샴페인으로 채워준다.',3112,3119,16,3,1),(41,12,9,22,73,'[IBA]Bellini','[IBA]벨리니',NULL,'1. 잔에 복숭아 퓨레를 넣어준다.|2. 위에 프로세코를 채워준다. 이후 잘 섞이도록 저어준다. 가니쉬는 따로 없다.',3113,3114,7,2,1),(42,9,2,22,73,'[IBA]Black Russian','[IBA]블랙 러시안',NULL,'1. 잔에 얼음을 채우고 주재료들 모두 부어준다. 이후 잘 저어주면 완성. 가니쉬는 따로 없다.',3115,3116,35,2,1),(43,4,1,22,73,'[IBA]Bloody Mary','[IBA]블러디 메리',NULL,'1. 믹싱 글라스에 얼음과 주재료들을 모두 넣고 잘 저어줍니다.|2. 얼음을 걸러내 올드 패션드 글라스에 따라줍니다. 얼음을 넣을 경우 하이볼 글라스에 따라줍니다.|3. 셀러리 스틱과 레몬 웨지로 가니쉬해줍니다.',3115,3121,11,2,1),(44,1,5,22,73,'[IBA]Champagne Cocktail','[IBA]샴페인 칵테일',NULL,'1. 잔에 각설탕을 놓고 비터스와 선택적으로 그랑 마니에르 몇 방울을 떨어뜨려준다.|2. 꼬냑을 따라주고, 샴페인을 조심히 부어 채워준다.|3. 오렌지 필 제스트와 마라스키노 체리로 가니쉬해준다.',3116,3117,15,2,1),(45,4,1,22,73,'[IBA]Sex On the Beach','[IBA]섹스 온 더 비치',NULL,'1. 잔에 얼음을 채우고 주재료를 모두 부어준다.|2. 오렌지 슬라이스 반 쪽을 넣어 가니쉬해준다.',3117,3118,13,2,1),(46,4,1,22,73,'[IBA]Sea Breeze','[IBA]시 브리즈',NULL,'1. 하이볼 글라스에 얼음을 넣고 주재료들을 모두 부어준다.|2. 오렌지 필과 체리로 가니시해준다.',3118,3123,8,3,1),(47,4,9,22,73,'[IBA]Tequila Sunrise','[IBA]데킬라 선라이즈',NULL,'1. 하이볼 글라스에 얼음을 채우고 데킬라와 오렌지주스를 부어준다.|2. 그레나딘 시럽을 천천히 따라내 그라데이션이 일도록 해준다. 이 때 저어주어선 안 된다.|3. 오렌지 슬라이스와 오렌지 제스트로 가니쉬해준다.',3119,3124,11,3,1),(48,4,9,22,73,'[IBA]Long Island Ice Tea','[IBA]롱 아일랜드 아이스 티',NULL,'1. 하이볼 글라스에 얼음을 채우고 주재료들을 모두 넣고 가볍게 젓는다. 가니쉬는 따로 없으나 원한다면 레몬 슬라이스로 해준다.',3120,3125,25,4,1),(49,7,4,22,73,'[IBA]Margarita','[IBA]마가리타',NULL,'1. 잔의 림 부분을 소금으로 리밍해준다. 원한다면 생략할 수도 있다.|2. 셰이커에 주재료와 얼음을 모두 넣고 잘 흔들어준다.|3. 얼음을 걸러내 차갑게 식힌 칵테일 글라스에 따라준다. 가니쉬는 따로 없다.',3122,3127,34,4,1),(50,4,9,22,73,'[IBA]Mai-Tai','[IBA]마이타이',NULL,'1. 셰이커에 부순 얼음과 주재료들을 모두 넣고 흔들어준다.|2. 얼음을 거르지 않고 잔에 부어준다.|3. 파인애플과 민트 잎, 라임 필로 가니쉬해준다.',3122,3129,24,4,1),(51,9,3,22,73,'[IBA]Moscow Mule','[IBA]모스코 뮬',NULL,'1. 잔에 얼음을 채우고 주재료들을 함께 넣어준다.|2. 잘 섞이도록 가볍게 저어주고, 라임 슬라이스로 가니쉬해준다.',3123,3129,14,1,1),(52,4,6,22,73,'[IBA]Mojito','[IBA]모히토',NULL,'1. 잔에 설탕, 민트와 라임즙을 넣고 탄산수를 약간 부어준다.|2. 잔에 얼음을 채우고 럼을 따라주고 탄산수를 마저 부어 채워준다.|3. 잘 섞이도록 가볍게 저어준다.|4. 민트 잎가지와 라임 슬라이스로 가니쉬해준다.',3125,3130,27,4,1),(53,12,3,22,73,'[IBA]Mimosa','[IBA]미모사',NULL,'1. 잔에 오렌지주스를 채워준다. 이후 샴페인을 탄산이 빠져나가지 않도록 조심히 채워준다.|2. 바 스푼으로 잘 저어준다. 원한다면 오렌지 필 트위스트로 가니쉬해준다.',3125,3126,5,2,1),(54,13,3,22,73,'[IBA]Mint Julep','[IBA]민트 줄렙',NULL,'1. 컵에 설탕과 민트 잎, 물을 넣은 다음 머들러로 살살 으깨준다.|2. 잔에 잘게 부순 얼음을 수북히 채워주고 버본 위스키를 따라준다.|3. 잔에 차갑게 김이 서릴 때까지 잘 섞어준다.|4. 민트 잎가지로 장식해준다.',3126,3127,33,2,1),(55,7,5,22,73,'[IBA]Vesper','[IBA]베스퍼',NULL,'1. 셰이커에 얼음과 주재료를 넣고 잘 흔들어준다.|2. 얼음을 걸러내 차갑게 식힌 칵테일 글라스에 따라준다.|3. 레몬 필로 가니쉬해준다.',3127,3132,40,1,1),(56,7,2,22,73,'[IBA]Porto Flip','[IBA]포르토 플립',NULL,'1. 셰이커에 주재료들을 얼음과 함께 넣고 잘 흔들어준다.|2. 얼음을 걸러내 차갑게 식힌 칵테일 글라스에 따라준다.|3. 넛멕을 갈아 위에 뿌려 가니쉬해준다.',3128,3129,22,3,1),(57,11,9,22,73,'[IBA]Planter’s Punch','[IBA]플랜터즈 펀치',NULL,'1. 잔에 주재료들을 모두 넣어준다. 희석을 위하여 얼음을 넣거나, 물이나 주스를 원하는 만큼 채워준다.|2. 오렌지 제스트로 가니쉬해준다.',3129,3134,28,4,1),(58,7,2,22,73,'[IBA]Hanky-Panky','[IBA]행키팽키',NULL,'1. 믹싱 글라스에 주재료들을 얼음과 함께 넣어주고 잘 저어준다.|2. 얼음을 걸러내 차갑게 식힌 칵테일 글라스에 따라준다.|3. 오렌지 제스트로 가니쉬해준다.',3130,3136,32,4,1),(59,7,3,22,73,'[IBA]White Lady','[IBA]화이트 레이디',NULL,'1. 셰이커에 얼음과 주재료를 함께 넣고 잘 흔들어준다.|2. 얼음을 걸러내 차갑게 식힌 칵테일 잔에 따라준다. 가니쉬는 없다.',3131,3136,31,3,1),(60,7,3,22,73,'[IBA]Golden Dream','[IBA]골든 드림',NULL,'1. 셰이커에 얼음과 주재료들을 모두 넣고 몇 초 동안 강하게 흔들어준다.|2. 얼음을 걸러내 차갑게 식힌 칵테일 글라스에 따라준다. 가니쉬는 없다.',3132,3133,19,4,1),(61,7,6,22,73,'[IBA]Grasshopper','[IBA]그래스호퍼',NULL,'1. 셰이커에 주재료와 얼음을 넣고 몇 초 동안 힘차게 흔들어준다.|2. 얼음을 걸러내 차갑게 식힌 칵테일 글라스에 따라준다. 가니쉬는 따로 없으나 원한다면 민트 잎으로 장식해준다.',3133,3138,12,4,1),(62,9,2,22,73,'[IBA]Negroni','[IBA]네그로니',NULL,'1.올드 패션드 글라스에 얼음을 넣고 차갑게 식혀준다.|2. 진과 베르무트, 캄파리를 모두 부어주고 잘 젓는다.|3. 오렌지 슬라이스 반 조각을 넣어 가니쉬하면 완성.',3134,3139,29,3,1),(63,10,4,22,73,'[IBA]Daiquiri','[IBA]다이키리',NULL,'1. 칵테일 셰이커에 럼, 라임 주스, 설탕을 넣고 바 스푼으로 저어서 설탕을 녹여준다.|2. 얼음을 넣고 8~10초 가량 흔들어준다.|3. 얼음을 걸러내 차갑게 식힌 마티니 글라스에 따라준다. 가니쉬는 없다.',3135,3140,33,4,1),(64,10,5,22,73,'[IBA]Dry Martini','[IBA]드라이 마티니',NULL,'1. 믹싱 글라스에 얼음을 넣고 진과 베르무트를 넣는다.|2. 잘 젓는다.|3. 차갑게 식힌 마티니 글라스에 얼음을 걸러내고 따라준다.|4. 레몬 필(껍질)로 오일을 뿌리거나, 칵테일 픽을 사용해 올리브로 장식.',3136,3137,41,1,1),(65,4,4,22,73,'[IBA]Ramos Fizz','[IBA]라모스 피즈',NULL,'1. 탄산수를 제외한 모든 주재료를 얼음과 함께 칵테일 셰이커에 넣고 2분 가량 흔들어준다.|2. 내용물을 스트레이너와 체로 두 번 걸러내어 잔에 따르고, 다시 잔에서 셰이커로 다시 붓고 얼음 없이 1분 동안 강하게 흔들어준다.|3. 하이볼 글라스에 따라주고 탄산수를 부어준다.[4] 가니쉬는 따로 없다.',3137,3138,10,4,1),(66,10,3,22,73,'[IBA]Last Word','[IBA]라스트 워드',NULL,'1. 주재료들을 얼음과 함께 셰이커에 넣고 흔들어준다.|2. 얼음을 걸러내어 차갑게 식힌 마티니 글라스에 부어준다. 가니쉬는 따로 없다.',3138,3143,25,3,1),(67,9,3,22,73,'[IBA]Rusty Nail','[IBA]러스티 네일',NULL,'1. 올드 패션드 글라스에 주재료들을 모두 따라준다.|2. 바 스푼으로 잘 저어준다. 이후 레몬 껍질을 깎아 가니쉬해주면 완성.',3139,3144,41,4,1),(68,7,9,22,73,'[IBA]Martinez','[IBA]마르티네스',NULL,'1. 주재료를 얼음과 함께 믹싱 글라스에 넣고 잘 저어준다.|2. 얼음을 걸러내어 차갑게 식힌 칵테일 글라스에 따라준다. 레몬 제스트[10]로 가니쉬해주면 완성.',3140,3145,31,3,1),(69,7,2,22,73,'[IBA]Manhattan','[IBA]맨해튼',NULL,'1. 믹싱 글라스에 얼음과 주재료들을 넣고 잘 저어준다.|2. 얼음을 걸러내어 칵테일 글라스에 따라준다.|3. 칵테일 체리로 가니쉬해준다. 칵테일 픽에 체리를 꽂아 잔에 넣을 수도 있고, 체리를 그냥 잔에 빠트려서 가니쉬해줄 수도 있다.',3141,3147,33,4,1),(70,7,9,22,73,'[IBA]Monkey Gland','[IBA]몽키 글랜드',NULL,'1. 주재료를 얼음과 함께 셰이커에 넣고 흔들어준다.|2. 얼음을 걸러내 차갑게 식힌 칵테일 글라스에 따라준다. 가니쉬는 없다.',3142,3143,23,3,1),(71,7,1,22,73,'[IBA]Boulevardier','[IBA]불바디에',NULL,'1. 주재료를 믹싱 글라스에 얼음과 함께 넣고 잘 젓는다.|2. 얼음을 걸러 칵테일 글라스에 따라준다.|3. 오렌지 필로 가니쉬해주고, 원한다면 레몬 필도 가니쉬해준다.',3143,3144,31,3,1),(72,7,2,22,73,'[IBA]Vieux Carré','[IBA]뷰 카레',NULL,'1. 주재료를 얼음과 함께 넣고 잘 젓는다.|2. 얼음을 걸러내 잔에 따라준다.|3. 오렌지 필과 체리로 가니쉬해준다.',3144,3149,33,4,1),(73,7,9,22,73,'[IBA]Brandy Crusta','[IBA]브랜디 크러스타',NULL,'1. 오렌지(또는 레몬)를 잘라 잔에서 입이 닿는 림(rim) 부위에 즙을 바르고 설탕을 묻혀준다.|2. 주재료들을 모두 믹싱 글라스에 얼음과 함께 넣고 잘 저어준다.|3. 얼음을 걸러내어 와인잔에 따라준다.|4. 오렌지(또는 레몬)의 껍질을 길게 깎아주어 와인잔 안에 동그랗게 말아준다.',3145,3150,36,2,1),(74,7,3,22,73,'[IBA]Between the Sheets','[IBA]비트윈 더 시트',NULL,'1. 주재료들을 얼음과 함께 셰이커에 넣고 흔들어준다.|2. 얼음을 걸러내 차갑게 식힌 칵테일 글라스에 따라주면 완성.',3146,3151,32,4,1),(75,7,3,22,73,'[IBA]Sidecar','[IBA]사이드카',NULL,'1. 주재료들을 얼음과 함께 셰이커에 넣고 잘 흔들어준다.|2. 얼음을 걸러내 칵테일 글라스에 따라준다. 가니쉬는 없다.',3147,3152,30,3,1),(76,9,9,22,73,'[IBA]Sazerac','[IBA]사제락',NULL,'1. 올드 패션드 글라스에 압생트를 린스해주고 부순 얼음을 넣어준다.|2. 믹싱 글라스에 각설탕과 비터를 넣고 각설탕을 머들러로 으깨준 다음, 꼬냑을 넣고 얼음과 함께 저어준다.|3. 올드 패션드 글라스에 있는 얼음과 압생트를 버리고, 얼음을 걸러내며 믹싱 글라스에 있는 음료를 따른다.|4. 레몬 껍질을 깎아 장식한다.',3148,3154,41,0,1),(77,10,9,22,73,'[IBA]Stinger','[IBA]스팅어',NULL,'1. 주재료를 얼음과 함께 믹싱 글라스에 넣고 잘 저어준다.|2. 얼음을 걸러내 차갑게 식힌 마티니 글라스에 따라준다. 원한다면 민트 잎으로 장식해준다.',3149,3155,33,2,1),(78,9,2,22,73,'[IBA]Americano','[IBA]아메리카노',NULL,'1. 잔에 얼음을 넣고 캄파리와 베르무트를 따라준다.|2. 약간의 탄산수를 부어주고 가볍게 저어준다.|3. 오렌지 슬라이스 반 쪽과 레몬 제스트로 가니쉬해준다.',3150,3155,22,4,1),(79,7,2,22,73,'[IBA]Alexander','[IBA]알렉산더',NULL,'1. 셰이커에 얼음과 주재료들을 모두 넣고 흔들어준다.|2. 얼음을 걸러내 차갑게 식힌 칵테일 글라스에 따라준다.|3. 넛멕을 그레이터에 갈아서 위에 뿌려준다.',3151,3156,19,2,1),(80,7,8,22,73,'[IBA]Aviation','[IBA]애비에이션',NULL,'1. 셰이커에 부순 얼음과 주재료를 모두 넣고 잘 흔들어준다.|2. 얼음을 걸러내 차갑게 식힌 칵테일 글라스에 따라준다. 가니쉬는 따로 없으나 원한다면 마라스키노 체리로 가니쉬해줄 수 있다.',3152,3157,31,2,1),(81,7,3,22,73,'[IBA]Angel Face','[IBA]엔젤 페이스',NULL,'1. 셰이커에 얼음과 주재료들을 모두 넣고 잘 흔들어준다.|2. 얼음을 걸러내 차갑게 식힌 칵테일 글라스에 따라준다. 가니쉬는 따로 없다.',3153,3154,32,4,1),(82,2,3,22,73,'[IBA]Old Fashioned','[IBA]올드 패션드',NULL,'1. 잔 위에 각설탕을 넣고, 앙고스투라 비터스를 각설탕 위에 각 레시피의 대쉬 수만큼 넣어준다.|2. 소다수 혹은 미네랄 워터를 채우고 바 스푼이나 머들러로 각설탕을 으깨어 섞어준다.|3. 얼음을 넣어준다. 이때 넣는 얼음은 온더락 글라스를 가득 채울 수 있을 만큼 커다란 얼음을 사용해야 한다.|4. 마지막으로 위스키를 따라준 후, 스터해 준다. 스터하는 시간은 각자 입맛에 맞게 해준다.|5. 이후 각 레시피의 재료로 가니쉬해주면 완성.',3154,3159,28,4,1),(83,9,3,22,73,'[IBA]Whisky Sour','[IBA]위스키 사워',NULL,'1. 셰이커에 얼음과 위 재료들을 모두 넣어주고 잘 흔들어준다. 달걀 흰자를 넣었을 경우 거품을 내기 위해 더 강하게 흔들어준다.|2. 얼음을 걸러내 코블러 글라스에 따라준다. 올드 패션드 글라스에 따라줄 경우 얼음을 채우고 따라준다.|3. 오렌지 슬라이스 반 쪽과 마라스키노 체리로 가니쉬해준다.',3155,3157,18,4,1),(84,4,5,22,73,'[IBA]John Collins','[IBA]존 콜린스',NULL,'1. 잔에 얼음을 채우고 주재료들을 모두 넣고 잘 섞이도록 가볍게 저어준다.|2. 마라스키노 체리와 레몬 슬라이스로 가니쉬해준다.',3156,3162,13,2,1),(85,11,4,22,73,'[IBA]Gin Fizz','[IBA]진 피즈',NULL,'1. 셰이커에 탄산수를 제외한 주재료를 얼음과 함께 넣고 잘 흔들어준다.|2. 얼음을 걸러내 텀블러 글라스에 따라준다. 이때 텀블러 글라스에 얼음을 넣지 않는다.|3. 약간의 탄산수를 부어서 채워준다.|4. 레몬 슬라이스와 원한다면 레몬 제스트로 가니쉬해준다.',3158,3164,23,3,1),(86,7,4,22,73,'[IBA]Casino','[IBA]카지노',NULL,'1. 믹싱 글라스에 부순 얼음과 주재료들을 모두 넣고 잘 저어준다.|2. 잔에 따라주고 체리로 가니쉬해준다.',3158,3163,40,1,1),(87,7,1,22,73,'[IBA]Clover Club','[IBA]클로버 클럽',NULL,'1. 셰이커에 주재료들을 얼음과 함께 넣어주고 잘 흔들어준다.|2. 얼음을 걸러내 차갑게 식힌 칵테일 글라스에 따라준다.|3. 칵테일 픽에 라즈베리를 꽃아 잔에 올려 장식해준다.',3159,3160,27,4,1),(88,7,5,22,73,'[IBA]Tuxedo','[IBA]턱시도',NULL,'1. 믹싱 글라스에 주재료와 얼음을 넣고 휘저어준다.|2. 얼음을 걸러내 잔에 따라준다.|3. 체리와 레몬 필을 짜내 가니쉬해준다.',3160,3161,30,0,1),(89,7,3,22,73,'[IBA]Paradise','[IBA]파라다이스',NULL,'1. 셰이커에 주재료들을 얼음과 함께 모두 넣고 잘 흔들어준다.|2. 얼음을 걸러내 차갑게 식힌 잔에 따라준다.',3161,3166,32,1,1);
/*!40000 ALTER TABLE `COCKTAIL` ENABLE KEYS */;
UNLOCK TABLES;

--
-- Table structure for table `COCKTAIL_BASE`
--

DROP TABLE IF EXISTS `COCKTAIL_BASE`;
/*!40101 SET @saved_cs_client     = @@character_set_client */;
/*!50503 SET character_set_client = utf8mb4 */;
CREATE TABLE `COCKTAIL_BASE` (
  `id` bigint(20) NOT NULL AUTO_INCREMENT,
  `cocktail_id` bigint(20) DEFAULT NULL,
  `base_id` bigint(20) DEFAULT NULL,
  PRIMARY KEY (`id`),
  KEY `cocktail_id` (`cocktail_id`),
  KEY `base_id` (`base_id`),
  CONSTRAINT `COCKTAIL_BASE_ibfk_1` FOREIGN KEY (`cocktail_id`) REFERENCES `COCKTAIL` (`id`),
  CONSTRAINT `COCKTAIL_BASE_ibfk_2` FOREIGN KEY (`base_id`) REFERENCES `BASE` (`id`)
) ENGINE=InnoDB AUTO_INCREMENT=3404 DEFAULT CHARSET=utf8mb3 COLLATE=utf8mb3_general_ci;
/*!40101 SET character_set_client = @saved_cs_client */;

--
-- Dumping data for table `COCKTAIL_BASE`
--

LOCK TABLES `COCKTAIL_BASE` WRITE;
/*!40000 ALTER TABLE `COCKTAIL_BASE` DISABLE KEYS */;
INSERT INTO `COCKTAIL_BASE` VALUES (1,1,4),(2,2,6),(3,3,10),(4,4,3),(5,5,6),(6,6,3),(7,7,8),(8,8,3),(9,9,4),(10,10,9),(11,12,2),(12,13,1),(13,13,2),(14,14,6),(15,15,2),(16,16,4),(17,17,4),(18,18,2),(19,19,7),(20,20,5),(21,21,5),(22,22,5),(23,22,4),(24,23,5),(25,23,7),(26,24,7),(27,25,2),(28,26,7),(29,27,2),(30,28,7),(31,29,6),(32,30,3),(33,31,2),(34,32,5),(35,33,3),(36,34,2),(37,35,2),(38,36,4),(39,37,5),(40,38,2),(41,39,9),(42,40,5),(43,41,1),(44,42,4),(45,43,4),(46,44,1),(47,45,4),(48,46,4),(49,47,6),(50,48,8),(51,48,5),(52,48,2),(53,48,6),(54,48,4),(55,49,6),(56,50,2),(57,51,4),(58,52,2),(59,53,9),(60,54,3),(61,55,5),(62,56,7),(63,57,2),(64,58,5),(65,59,5),(66,60,8),(67,61,8),(68,62,5),(69,63,2),(70,64,5),(71,65,5),(72,66,5),(73,67,3),(74,68,5),(75,69,3),(76,70,5),(77,71,3),(78,72,3),(79,73,7),(80,74,2),(81,75,7),(82,76,7),(83,77,7),(84,78,8),(85,79,7),(86,80,5),(87,81,5),(88,82,3),(89,83,3),(90,84,5),(91,85,5),(92,86,5),(93,87,5),(94,88,5),(95,89,5),(3403,11,4);
/*!40000 ALTER TABLE `COCKTAIL_BASE` ENABLE KEYS */;
UNLOCK TABLES;

--
-- Table structure for table `COCKTAIL_INGREDIENT`
--

DROP TABLE IF EXISTS `COCKTAIL_INGREDIENT`;
/*!40101 SET @saved_cs_client     = @@character_set_client */;
/*!50503 SET character_set_client = utf8mb4 */;
CREATE TABLE `COCKTAIL_INGREDIENT` (
  `id` bigint(20) NOT NULL AUTO_INCREMENT,
  `ingredient_id` bigint(20) DEFAULT NULL,
  `cocktail_id` bigint(20) DEFAULT NULL,
  `unit_id` bigint(20) DEFAULT NULL,
  `amount` double DEFAULT NULL,
  PRIMARY KEY (`id`),
  KEY `ingredient_id` (`ingredient_id`),
  KEY `cocktail_id` (`cocktail_id`),
  KEY `FK2629o099of98vl9rt325c4b1u` (`unit_id`),
  CONSTRAINT `COCKTAIL_INGREDIENT_ibfk_1` FOREIGN KEY (`ingredient_id`) REFERENCES `INGREDIENT` (`id`),
  CONSTRAINT `COCKTAIL_INGREDIENT_ibfk_2` FOREIGN KEY (`cocktail_id`) REFERENCES `COCKTAIL` (`id`),
  CONSTRAINT `FK2629o099of98vl9rt325c4b1u` FOREIGN KEY (`unit_id`) REFERENCES `UNIT` (`id`)
) ENGINE=InnoDB AUTO_INCREMENT=16788 DEFAULT CHARSET=utf8mb3 COLLATE=utf8mb3_general_ci;
/*!40101 SET character_set_client = @saved_cs_client */;

--
-- Dumping data for table `cocktail_ingredient`
--

LOCK TABLES `COCKTAIL_INGREDIENT` WRITE;
/*!40000 ALTER TABLE `COCKTAIL_INGREDIENT` DISABLE KEYS */;
INSERT INTO `COCKTAIL_INGREDIENT` VALUES (1,435,1,11,0),(2,242,1,6,45),(3,241,1,6,15),(4,321,1,6,15),(5,259,1,11,0),(6,572,2,6,30),(7,270,2,11,0),(8,515,2,6,30),(9,238,2,6,60),(10,435,2,11,0),(11,200,3,6,45),(12,566,3,6,30),(13,511,3,6,22.5),(14,201,3,6,15),(15,435,3,11,0),(16,260,4,11,0),(17,200,4,6,1.8),(18,149,4,6,15),(19,237,4,6,25),(20,51,4,6,50),(21,395,5,6,100),(22,270,5,11,0),(23,493,5,4,1),(24,515,5,6,5),(25,214,5,6,50),(26,435,5,11,0),(27,444,6,5,3),(28,445,6,11,0),(29,571,6,6,22.5),(30,511,6,6,22.5),(31,435,6,11,0),(32,239,6,6,60),(33,240,6,6,7.5),(34,435,7,11,0),(35,129,7,6,50),(36,69,8,6,30),(37,511,8,6,30),(38,331,7,11,0),(39,244,8,6,30),(40,94,8,6,30),(41,435,8,11,0),(42,518,9,1,2),(43,570,9,6,10),(44,515,9,6,15),(45,569,9,6,15),(46,233,9,6,50),(47,435,9,11,0),(48,260,10,11,0),(49,396,10,11,0),(50,69,10,6,60),(51,17,10,6,90),(52,27,12,6,10),(53,98,12,6,10),(54,515,12,6,15),(55,435,10,11,0),(56,225,12,6,30),(57,435,12,11,0),(58,565,13,6,30),(59,200,13,6,1.8),(60,581,13,1,7),(61,17,13,6,60),(62,582,13,11,0),(63,515,13,6,22.5),(64,246,14,6,5),(65,435,13,11,0),(66,234,13,6,45),(67,517,14,6,15),(68,565,14,6,15),(69,515,14,6,22.5),(70,245,14,6,15),(71,440,14,11,0),(72,435,14,11,0),(73,235,14,6,30),(74,236,15,6,60),(75,515,15,6,15),(76,426,15,6,15),(77,359,15,6,50),(78,270,15,11,0),(79,435,15,11,0),(80,259,16,11,0),(81,269,16,11,0),(82,527,16,6,10),(83,115,16,11,0),(84,166,16,6,15),(85,511,16,6,25),(86,259,17,11,0),(87,435,16,11,0),(88,242,16,6,25),(89,519,17,11,0),(90,511,17,6,15),(91,98,17,6,20),(92,224,17,6,30),(93,277,18,11,0),(94,582,18,11,0),(95,27,18,6,15),(96,435,17,11,0),(97,17,18,11,0),(98,291,18,11,0),(99,435,18,11,0),(100,231,18,6,45),(101,515,18,6,0.9),(102,321,18,6,60),(103,568,19,6,15),(104,393,19,6,15),(105,440,19,6,10),(106,259,19,11,0),(107,297,19,11,0),(108,435,19,11,0),(109,230,19,6,45),(110,356,19,6,22.5),(111,269,20,11,0),(112,57,20,6,15),(113,527,20,6,12.5),(114,511,20,6,25),(115,259,20,11,0),(116,443,20,11,0),(117,438,20,11,0),(118,106,20,6,50),(119,259,21,11,0),(120,571,21,6,10),(121,232,21,6,52.5),(122,388,21,6,22.5),(123,511,21,6,22.5),(124,435,21,11,0),(125,260,21,11,0),(126,196,22,6,60),(127,440,22,11,0),(128,581,22,1,5),(129,565,22,6,15),(130,511,22,6,30),(131,104,22,6,30),(132,565,22,6,10),(133,394,22,6,45),(134,435,22,11,0),(135,242,22,6,50),(136,435,22,11,0),(137,260,23,11,0),(138,581,23,11,0),(139,67,23,6,30),(140,106,23,6,30),(141,515,23,6,15),(142,200,23,6,1.8),(143,103,23,11,0),(144,202,24,6,35),(145,227,24,6,35),(146,435,23,11,0),(147,435,24,11,0),(148,296,25,11,0),(149,291,25,11,0),(150,321,25,6,50),(151,405,25,6,30),(152,225,25,6,50),(153,435,25,11,0),(154,440,26,1,1),(155,228,26,11,0),(156,565,26,6,20),(157,511,26,6,30),(158,143,26,6,60),(159,435,26,11,0),(160,515,27,6,15),(161,197,27,6,15),(162,391,27,6,40),(163,243,27,6,60),(164,202,28,6,40),(165,435,28,11,0),(166,435,27,11,0),(167,33,28,6,120),(168,200,28,6,0.9),(169,259,28,11,0),(170,206,29,6,22.5),(171,142,29,6,22.5),(172,69,29,6,22.5),(173,515,29,6,22.5),(174,435,29,11,0),(175,277,30,11,0),(176,260,30,11,0),(177,259,30,11,0),(178,440,30,11,0),(179,138,30,6,15),(180,527,30,6,22.5),(181,511,30,6,30),(182,94,30,6,60),(183,438,30,11,0),(184,270,31,11,0),(185,103,31,6,100),(186,229,31,6,60),(187,435,31,11,0),(188,296,32,11,0),(189,291,32,11,0),(190,200,32,6,0.9),(191,564,32,6,10),(192,515,32,6,15),(193,321,32,6,120),(194,213,32,6,7.5),(195,76,32,6,15),(196,106,32,6,30),(197,435,32,11,0),(198,446,33,6,50),(199,519,33,6,5),(200,392,33,6,120),(201,51,33,6,50),(202,581,34,11,0),(203,155,34,8,6),(204,200,34,6,0.9),(205,564,34,6,5),(206,567,34,6,5),(207,391,34,6,10),(208,517,34,6,15),(209,515,34,6,20),(210,222,34,6,30),(211,221,34,6,45),(212,215,34,6,45),(213,443,34,6,170),(214,520,35,6,20),(215,270,35,1,1),(216,223,35,6,60),(217,443,35,11,0),(218,259,36,11,0),(219,380,36,6,30),(220,514,36,6,15),(221,213,36,6,15),(222,224,36,6,40),(223,435,36,11,0),(224,260,37,11,0),(225,155,37,6,0.9),(226,511,37,6,30),(227,122,37,6,30),(228,213,37,6,30),(229,106,37,6,30),(230,435,37,11,0),(231,435,38,11,0),(232,225,38,6,50),(233,515,38,6,10),(234,331,38,6,120),(235,270,38,11,0),(236,166,39,6,10),(237,226,39,6,90),(238,435,40,11,0),(239,106,40,6,30),(240,511,40,6,15),(241,527,40,6,15),(242,169,40,6,60),(243,442,41,6,50),(244,17,41,6,100),(245,435,42,11,0),(246,242,42,6,50),(247,219,42,6,20),(248,259,43,11,0),(249,447,43,11,0),(250,522,43,11,0),(251,521,43,11,0),(252,479,43,11,0),(253,478,43,6,1.8),(254,320,43,6,90),(255,356,43,6,15),(256,242,43,6,45),(257,435,43,11,0),(258,260,44,11,0),(259,296,44,11,0),(260,512,44,1,1),(261,248,44,11,0),(262,200,44,6,1.8),(263,202,44,6,10),(264,247,44,6,90),(265,260,45,11,0),(266,350,45,6,40),(267,380,45,6,40),(268,220,45,6,20),(269,242,45,6,40),(270,435,45,11,0),(271,277,46,11,0),(272,260,46,11,0),(273,391,46,6,30),(274,380,46,6,120),(275,242,46,6,40),(276,438,46,11,0),(277,260,47,11,0),(278,564,47,6,15),(279,388,47,6,90),(280,84,47,6,45),(281,438,47,11,0),(282,259,48,11,0),(283,331,48,11,0),(284,565,48,6,20),(285,356,48,6,30),(286,213,48,6,15),(287,106,48,6,15),(288,225,48,6,15),(289,84,48,6,15),(290,242,48,6,15),(291,435,48,11,0),(292,493,49,11,0),(293,390,49,6,15),(294,98,49,6,20),(295,214,49,6,50),(296,270,50,11,0),(297,581,50,11,0),(298,291,50,11,0),(299,565,50,6,7.5),(300,515,50,6,30),(301,566,50,6,15),(302,156,50,6,15),(303,216,50,6,30),(304,215,50,6,30),(305,443,50,11,0),(306,103,51,6,120),(307,514,51,6,10),(308,217,51,6,45),(309,435,51,11,0),(310,270,52,11,0),(311,396,52,11,0),(312,516,52,6,10),(313,582,52,1,6),(314,515,52,6,20),(315,218,52,6,45),(316,435,52,11,0),(317,169,53,6,75),(318,350,53,6,75),(319,260,53,11,0),(320,359,54,6,10),(321,523,54,6,5),(322,582,54,1,4),(323,94,54,6,45),(324,443,54,11,0),(325,259,55,11,0),(326,122,55,6,7.5),(327,242,55,6,15),(328,106,55,6,45),(329,438,55,11,0),(330,438,56,11,0),(331,67,56,6,15),(332,209,56,6,45),(333,440,56,6,10),(334,502,56,11,0),(335,260,57,11,0),(336,389,57,6,30),(337,514,57,6,15),(338,210,57,6,45),(339,435,57,11,0),(340,260,58,11,0),(341,129,58,6,7.5),(342,47,58,6,45),(343,196,58,6,45),(344,438,58,11,0),(345,435,59,11,0),(346,106,59,6,40),(347,98,59,6,30),(348,511,59,6,20),(349,428,60,6,10),(350,350,60,6,20),(351,98,60,6,20),(352,27,60,6,20),(353,435,60,11,0),(354,435,61,11,0),(355,212,61,6,20),(356,211,61,6,20),(357,441,61,6,20),(358,581,61,11,0),(359,260,62,11,0),(360,132,62,6,30),(361,47,62,6,30),(362,232,62,6,30),(363,438,62,11,0),(364,438,63,11,0),(365,218,63,6,60),(366,308,63,6,20),(367,524,63,6,10),(368,116,64,6,10),(369,232,64,6,60),(370,435,64,11,0),(371,396,65,11,0),(372,480,65,8,2),(373,387,65,6,2.7),(374,440,65,6,30),(375,428,65,6,60),(376,527,65,6,30),(377,356,65,6,15),(378,308,65,6,15),(379,106,65,6,45),(380,438,65,11,0),(381,308,66,6,22.5),(382,199,66,6,22.5),(383,149,66,6,22.5),(384,106,66,6,22.5),(385,438,66,11,0),(386,438,67,11,0),(387,14,67,6,45),(388,195,67,6,25),(389,259,67,11,0),(390,259,68,11,0),(391,200,68,6,1.8),(392,197,68,6,5),(393,47,68,6,45),(394,196,68,6,45),(395,438,68,11,0),(396,295,69,11,0),(397,200,69,6,0.9),(398,47,69,6,20),(399,201,69,6,50),(400,435,69,11,0),(401,564,70,6,15),(402,155,70,6,15),(403,388,70,6,45),(404,106,70,6,45),(405,438,70,11,0),(406,259,71,11,0),(407,260,71,11,0),(408,47,71,6,30),(409,132,71,6,30),(410,94,71,6,45),(411,438,71,11,0),(412,296,72,11,0),(413,260,72,11,0),(414,204,72,6,1.8),(415,203,72,6,5),(416,47,72,6,30),(417,202,72,6,30),(418,201,72,6,30),(419,438,72,11,0),(420,259,73,11,0),(421,260,73,11,0),(422,523,73,11,0),(423,249,73,6,1.8),(424,250,73,6,5),(425,356,73,6,15),(426,197,73,6,7.5),(427,67,73,6,52.5),(428,438,73,11,0),(429,511,74,6,20),(430,98,74,6,30),(431,202,74,6,30),(432,225,74,6,30),(433,438,74,11,0),(434,438,75,11,0),(435,202,75,6,50),(436,98,75,6,20),(437,511,75,6,20),(438,259,76,11,0),(439,512,76,1,1),(440,155,76,6,10),(441,202,76,6,50),(442,439,76,11,0),(443,438,76,11,0),(444,486,77,11,0),(445,205,77,6,20),(446,202,77,6,50),(447,438,77,11,0),(448,260,78,11,0),(449,259,78,11,0),(450,396,78,11,0),(451,47,78,6,30),(452,132,78,6,30),(453,438,78,11,0),(454,502,79,11,0),(455,428,79,6,30),(456,198,79,6,30),(457,202,79,6,30),(458,435,79,11,0),(459,296,80,11,0),(460,207,80,6,5),(461,356,80,6,15),(462,246,80,6,15),(463,106,80,6,45),(464,439,80,11,0),(465,11,81,6,30),(466,208,81,6,30),(467,106,81,6,30),(468,438,81,11,0),(469,296,82,11,0),(470,580,82,11,0),(471,397,82,6,22.5),(472,200,82,6,1.8),(473,512,82,1,1),(474,201,82,6,52.5),(475,296,83,11,0),(476,260,83,11,0),(477,440,83,6,20),(478,527,83,6,20),(479,356,83,6,25),(480,94,83,6,45),(481,435,83,11,0),(482,296,84,11,0),(483,259,84,11,0),(484,396,84,6,60),(485,565,84,6,15),(486,511,84,6,30),(487,106,84,6,45),(488,438,84,11,0),(489,259,85,11,0),(490,396,85,11,0),(491,527,85,6,10),(492,356,85,6,30),(493,106,85,6,45),(494,438,85,11,0),(495,277,86,11,0),(496,38,86,6,1.8),(497,513,86,6,1.8),(498,246,86,6,1.8),(499,50,86,6,45),(500,439,86,11,0),(501,263,87,11,0),(502,440,87,11,0),(503,511,87,6,15),(504,532,87,6,15),(505,106,87,6,45),(506,438,87,11,0),(507,296,88,11,0),(508,259,88,11,0),(509,38,88,6,0.9),(510,246,88,6,1.4),(511,116,88,6,30),(512,50,88,6,30),(513,435,88,11,0),(514,438,89,11,0),(515,106,89,6,30),(516,208,89,6,20),(517,350,89,6,15),(518,435,11,11,0),(519,242,11,6,50),(520,104,11,6,30),(521,565,11,6,10),(522,394,11,6,45);
/*!40000 ALTER TABLE `COCKTAIL_INGREDIENT` ENABLE KEYS */;
UNLOCK TABLES;

--
-- Table structure for table `COCKTAIL_TOOL`
--

DROP TABLE IF EXISTS `COCKTAIL_TOOL`;
/*!40101 SET @saved_cs_client     = @@character_set_client */;
/*!50503 SET character_set_client = utf8mb4 */;
CREATE TABLE `COCKTAIL_TOOL` (
  `id` bigint(20) NOT NULL AUTO_INCREMENT,
  `cocktail_id` bigint(20) DEFAULT NULL,
  `tool_id` bigint(20) DEFAULT NULL,
  PRIMARY KEY (`id`),
  KEY `cocktail_id` (`cocktail_id`),
  KEY `tool_id` (`tool_id`),
  CONSTRAINT `COCKTAIL_TOOL_ibfk_1` FOREIGN KEY (`cocktail_id`) REFERENCES `COCKTAIL` (`id`),
  CONSTRAINT `COCKTAIL_TOOL_ibfk_2` FOREIGN KEY (`tool_id`) REFERENCES `TOOL` (`id`)
) ENGINE=InnoDB AUTO_INCREMENT=3900 DEFAULT CHARSET=utf8mb3 COLLATE=utf8mb3_general_ci;
/*!40101 SET character_set_client = @saved_cs_client */;

--
-- Dumping data for table `COCKTAIL_TOOL`
--

LOCK TABLES `COCKTAIL_TOOL` WRITE;
/*!40000 ALTER TABLE `COCKTAIL_TOOL` DISABLE KEYS */;
INSERT INTO `COCKTAIL_TOOL` VALUES (1,1,3),(2,1,5),(3,1,9),(4,2,3),(5,2,5),(6,3,5),(7,3,3),(8,4,10),(9,4,5),(10,4,6),(11,6,6),(12,6,11),(13,6,14),(14,6,3),(15,8,3),(16,8,5),(17,9,3),(18,9,14),(19,12,3),(20,12,5),(21,13,5),(22,13,3),(23,14,3),(24,14,5),(25,16,3),(26,16,5),(27,17,5),(28,17,3),(29,18,5),(30,18,3),(31,19,3),(32,19,5),(33,19,9),(34,20,3),(35,20,5),(36,21,3),(37,21,5),(38,21,9),(39,22,5),(40,22,5),(41,22,3),(42,22,3),(43,23,3),(44,25,13),(45,26,3),(46,26,5),(47,27,5),(48,27,3),(49,28,9),(50,29,3),(51,29,5),(52,30,9),(53,30,6),(54,30,5),(55,30,3),(56,32,3),(57,32,5),(58,33,6),(59,34,13),(60,35,11),(61,36,3),(62,36,5),(63,36,9),(64,37,9),(65,37,5),(66,37,3),(67,40,3),(68,40,5),(69,41,6),(70,42,6),(71,43,6),(72,43,5),(73,43,10),(74,44,9),(75,46,9),(76,47,9),(77,48,6),(78,49,3),(79,49,5),(80,50,3),(81,50,9),(82,53,9),(83,53,6),(84,54,11),(85,54,6),(86,55,9),(87,55,5),(88,55,3),(89,56,3),(90,56,5),(91,56,12),(92,57,9),(93,58,9),(94,58,6),(95,58,5),(96,58,10),(97,59,5),(98,59,3),(99,60,3),(100,60,5),(101,61,3),(102,61,5),(103,62,6),(104,63,6),(105,63,3),(106,63,5),(107,64,8),(108,65,7),(109,65,5),(110,65,3),(111,66,3),(112,66,5),(113,67,6),(114,67,9),(115,68,9),(116,68,6),(117,68,5),(118,68,10),(119,69,10),(120,69,5),(121,70,5),(122,70,3),(123,71,10),(124,71,5),(125,71,6),(126,71,9),(127,72,9),(128,72,6),(129,72,5),(130,72,10),(131,73,9),(132,73,6),(133,73,5),(134,73,10),(135,74,3),(136,74,5),(137,75,3),(138,75,5),(139,76,9),(140,76,11),(141,76,6),(142,76,5),(143,76,10),(144,77,6),(145,77,5),(146,77,10),(147,78,6),(148,78,9),(149,79,3),(150,79,5),(151,79,12),(152,80,3),(153,80,5),(154,81,5),(155,81,3),(156,82,6),(157,82,11),(158,83,3),(159,83,5),(160,84,6),(161,85,3),(162,85,5),(163,85,9),(164,86,6),(165,86,5),(166,86,10),(167,87,3),(168,87,5),(169,87,8),(170,88,9),(171,88,6),(172,88,5),(173,88,10),(174,89,3),(175,89,5),(3898,11,3),(3899,11,5);
/*!40000 ALTER TABLE `COCKTAIL_TOOL` ENABLE KEYS */;
UNLOCK TABLES;

--
-- Table structure for table `COLLECTION`
--

DROP TABLE IF EXISTS `COLLECTION`;
/*!40101 SET @saved_cs_client     = @@character_set_client */;
/*!50503 SET character_set_client = utf8mb4 */;
CREATE TABLE `COLLECTION` (
  `id` bigint(20) NOT NULL AUTO_INCREMENT,
  `name` varchar(50) DEFAULT NULL,
  PRIMARY KEY (`id`)
) ENGINE=InnoDB AUTO_INCREMENT=74 DEFAULT CHARSET=utf8mb3 COLLATE=utf8mb3_general_ci;
/*!40101 SET character_set_client = @saved_cs_client */;

--
-- Dumping data for table `COLLECTION`
--

LOCK TABLES `COLLECTION` WRITE;
/*!40000 ALTER TABLE `COLLECTION` DISABLE KEYS */;
INSERT INTO `COLLECTION` VALUES (1,'트로피컬 파티'),(2,'50년대 파티'),(3,'루프탑 파티'),(4,'만들기 쉬운 칵테일'),(5,'락 스타 파티'),(6,'미정'),(7,'아나 바치로레트 파티'),(8,'야외 파티'),(9,'현재 인기 있는 칵테일'),(10,'해변 칵테일'),(11,'레드/블루 칵테일'),(12,'일몰 칵테일'),(13,'이국적인 음료'),(14,'일본 칵테일'),(15,'공예 파티'),(16,'60년대의 칵테일'),(17,'바 칵테일'),(18,'웨딩 칵테일'),(19,'카리브 해 칵테일'),(20,'샷 변주'),(21,'3가지 재료가 들어간 칵테일'),(22,'신선한 변주'),(23,'해변 파티'),(24,'생일 칵테일'),(25,'프랑스 칵테일'),(26,'현대적인 뮬'),(27,'농구 게임 데이'),(28,'팬시한 칵테일'),(29,'스매시 변주'),(30,'냉동 칵테일'),(31,'20년대의 칵테일'),(32,'마티니 변주'),(33,'DJ 파티'),(34,'블렌디드 칵테일'),(35,'자메이칸 칵테일'),(36,'마티니 얼티밋 리스트'),(37,'힙합 파티'),(38,'콜린스 변주'),(39,'럭셔리 칵테일'),(40,'러브 칵테일'),(41,'스피크이지 칵테일'),(42,'이파네마 비치 파티'),(43,'옛날 것과 비슷한 칵테일'),(44,'플레이밍 칵테일'),(45,'할로윈 파티'),(46,'색감이 풍부한 층층이 된 칵테일'),(47,'아주 간단한 칵테일'),(48,'핀터레스트 파티'),(49,'BBQ 칵테일'),(50,'너드 파티'),(51,'더러운 30 파티'),(52,'앱솔루트 파이브'),(53,'펀치 변주'),(54,'로커빌리 파티'),(55,'회사를 떠나'),(56,'알로하 하와이안 칵테일'),(57,'칵테일 파티'),(58,'살사 파티'),(59,'금지 칵테일'),(60,'식물이 가득한 파라다이스'),(61,'고메 잡종 칵테일'),(62,'클래식'),(63,'봄 칵테일'),(64,'드래그 퀸 빙고'),(65,'인기 있는 칵테일'),(66,'스페인 칵테일'),(67,'이탈리아 칵테일'),(68,'브라질리언 칵테일'),(69,'브런치 칵테일'),(70,'클래식한 칵테일'),(71,'핫팟 럭'),(72,'브리즈 변주'),(73,'none');
/*!40000 ALTER TABLE `COLLECTION` ENABLE KEYS */;
UNLOCK TABLES;

--
-- Table structure for table `COLOR`
--

DROP TABLE IF EXISTS `COLOR`;
/*!40101 SET @saved_cs_client     = @@character_set_client */;
/*!50503 SET character_set_client = utf8mb4 */;
CREATE TABLE `COLOR` (
  `id` bigint(20) NOT NULL AUTO_INCREMENT,
  `name` varchar(10) DEFAULT NULL,
  PRIMARY KEY (`id`)
) ENGINE=InnoDB AUTO_INCREMENT=12 DEFAULT CHARSET=utf8mb3 COLLATE=utf8mb3_general_ci;
/*!40101 SET character_set_client = @saved_cs_client */;

--
-- Dumping data for table `COLOR`
--

LOCK TABLES `COLOR` WRITE;
/*!40000 ALTER TABLE `COLOR` DISABLE KEYS */;
INSERT INTO `COLOR` VALUES (1,'red'),(2,'brown'),(3,'yellow'),(4,'white'),(5,'clear'),(6,'green'),(7,'pink'),(8,'blue'),(9,'orange'),(10,'purple'),(11,'none');
/*!40000 ALTER TABLE `COLOR` ENABLE KEYS */;
UNLOCK TABLES;

--
-- Table structure for table `CUSTOM_COCKTAIL`
--

DROP TABLE IF EXISTS `CUSTOM_COCKTAIL`;
/*!40101 SET @saved_cs_client     = @@character_set_client */;
/*!50503 SET character_set_client = utf8mb4 */;
CREATE TABLE `CUSTOM_COCKTAIL` (
  `id` bigint(20) NOT NULL AUTO_INCREMENT,
  `cocktail_id` bigint(20) DEFAULT NULL,
  `member_id` bigint(20) DEFAULT NULL,
  `name` varchar(20) DEFAULT NULL,
  `image` varchar(255) DEFAULT NULL,
  `summary` varchar(20) DEFAULT NULL,
  `comment` varchar(255) DEFAULT NULL,
  `recipe` varchar(255) DEFAULT NULL,
  `open` tinyint(1) DEFAULT 0,
  PRIMARY KEY (`id`),
  KEY `cocktail_id` (`cocktail_id`),
  KEY `member_id` (`member_id`),
  CONSTRAINT `CUSTOM_COCKTAIL_ibfk_1` FOREIGN KEY (`cocktail_id`) REFERENCES `COCKTAIL` (`id`),
  CONSTRAINT `CUSTOM_COCKTAIL_ibfk_2` FOREIGN KEY (`member_id`) REFERENCES `MEMBER` (`id`)
) ENGINE=InnoDB AUTO_INCREMENT=164 DEFAULT CHARSET=utf8mb3 COLLATE=utf8mb3_general_ci;
/*!40101 SET character_set_client = @saved_cs_client */;

--
-- Dumping data for table `CUSTOM_COCKTAIL`
--

LOCK TABLES `CUSTOM_COCKTAIL` WRITE;
/*!40000 ALTER TABLE `CUSTOM_COCKTAIL` DISABLE KEYS */;
/*!40000 ALTER TABLE `CUSTOM_COCKTAIL` ENABLE KEYS */;
UNLOCK TABLES;

--
-- Table structure for table `CUSTOM_COCKTAIL_INGREDIENT`
--

DROP TABLE IF EXISTS `CUSTOM_COCKTAIL_INGREDIENT`;
/*!40101 SET @saved_cs_client     = @@character_set_client */;
/*!50503 SET character_set_client = utf8mb4 */;
CREATE TABLE `CUSTOM_COCKTAIL_INGREDIENT` (
  `id` bigint(20) NOT NULL AUTO_INCREMENT,
  `ingredient_id` bigint(20) DEFAULT NULL,
  `custom_cocktail_id` bigint(20) DEFAULT NULL,
  `unit_id` bigint(20) DEFAULT NULL,
  `amount` double DEFAULT NULL,
  PRIMARY KEY (`id`),
  KEY `ingredient_id` (`ingredient_id`),
  KEY `custom_cocktail_id` (`custom_cocktail_id`),
  KEY `unit_id` (`unit_id`),
  CONSTRAINT `CUSTOM_COCKTAIL_INGREDIENT_ibfk_1` FOREIGN KEY (`ingredient_id`) REFERENCES `INGREDIENT` (`id`),
  CONSTRAINT `CUSTOM_COCKTAIL_INGREDIENT_ibfk_2` FOREIGN KEY (`custom_cocktail_id`) REFERENCES `CUSTOM_COCKTAIL` (`id`),
  CONSTRAINT `CUSTOM_COCKTAIL_INGREDIENT_ibfk_3` FOREIGN KEY (`unit_id`) REFERENCES `UNIT` (`id`)
) ENGINE=InnoDB AUTO_INCREMENT=349 DEFAULT CHARSET=utf8mb3 COLLATE=utf8mb3_general_ci;
/*!40101 SET character_set_client = @saved_cs_client */;

--
-- Dumping data for table `CUSTOM_COCKTAIL_INGREDIENT`
--

LOCK TABLES `CUSTOM_COCKTAIL_INGREDIENT` WRITE;
/*!40000 ALTER TABLE `CUSTOM_COCKTAIL_INGREDIENT` DISABLE KEYS */;
/*!40000 ALTER TABLE `CUSTOM_COCKTAIL_INGREDIENT` ENABLE KEYS */;
UNLOCK TABLES;

--
-- Table structure for table `GLASS`
--

DROP TABLE IF EXISTS `GLASS`;
/*!40101 SET @saved_cs_client     = @@character_set_client */;
/*!50503 SET character_set_client = utf8mb4 */;
CREATE TABLE `GLASS` (
  `id` bigint(20) NOT NULL AUTO_INCREMENT,
  `name` varchar(50) DEFAULT NULL,
  PRIMARY KEY (`id`)
) ENGINE=InnoDB AUTO_INCREMENT=21 DEFAULT CHARSET=utf8mb3 COLLATE=utf8mb3_general_ci;
/*!40101 SET character_set_client = @saved_cs_client */;

--
-- Dumping data for table `GLASS`
--

LOCK TABLES `GLASS` WRITE;
/*!40000 ALTER TABLE `GLASS` DISABLE KEYS */;
INSERT INTO `GLASS` VALUES (1,'샴페인 글래스'),(2,'언더락 글라스'),(3,'와인 글래스'),(4,'하이볼 글라스'),(5,'뮬 머그잔'),(6,'쿠페 글라스'),(7,'칵테일 글라스'),(8,'샷 글래스'),(9,'올드 패션드 글라스'),(10,'마티니 글라스'),(11,'텀블러 글라스'),(12,'샴페인 플루트 글라스'),(13,'줄렙 스테인리스 컵'),(14,'허리케인 글라스'),(15,'아이리시 커피 글라스'),(16,'고블렛 글라스'),(17,'콜린스 글라스'),(18,'와인 글라스'),(19,'락 글라스'),(20,'none');
/*!40000 ALTER TABLE `GLASS` ENABLE KEYS */;
UNLOCK TABLES;

--
-- Table structure for table `HEART`
--

DROP TABLE IF EXISTS `HEART`;
/*!40101 SET @saved_cs_client     = @@character_set_client */;
/*!50503 SET character_set_client = utf8mb4 */;
CREATE TABLE `HEART` (
  `id` bigint(20) NOT NULL AUTO_INCREMENT,
  `member_id` bigint(20) DEFAULT NULL,
  `cocktail_id` bigint(20) DEFAULT NULL,
  `created_date` datetime DEFAULT NULL,
  PRIMARY KEY (`id`),
  KEY `member_id` (`member_id`),
  KEY `cocktail_id` (`cocktail_id`),
  CONSTRAINT `HEART_ibfk_1` FOREIGN KEY (`member_id`) REFERENCES `MEMBER` (`id`),
  CONSTRAINT `HEART_ibfk_2` FOREIGN KEY (`cocktail_id`) REFERENCES `COCKTAIL` (`id`)
) ENGINE=InnoDB AUTO_INCREMENT=245 DEFAULT CHARSET=utf8mb3 COLLATE=utf8mb3_general_ci;
/*!40101 SET character_set_client = @saved_cs_client */;

--
-- Dumping data for table `HEART`
--

LOCK TABLES `HEART` WRITE;
/*!40000 ALTER TABLE `HEART` DISABLE KEYS */;
/*!40000 ALTER TABLE `HEART` ENABLE KEYS */;
UNLOCK TABLES;

--
-- Table structure for table `HEART_RANK`
--

DROP TABLE IF EXISTS `HEART_RANK`;
/*!40101 SET @saved_cs_client     = @@character_set_client */;
/*!50503 SET character_set_client = utf8mb4 */;
CREATE TABLE `HEART_RANK` (
  `id` bigint(20) NOT NULL AUTO_INCREMENT,
  `cocktail_id` bigint(20) DEFAULT NULL,
  PRIMARY KEY (`id`),
  KEY `HEART_RANK_ibfk_1` (`cocktail_id`),
  CONSTRAINT `HEART_RANK_ibfk_1` FOREIGN KEY (`cocktail_id`) REFERENCES `COCKTAIL` (`id`)
) ENGINE=InnoDB AUTO_INCREMENT=391 DEFAULT CHARSET=utf8mb3 COLLATE=utf8mb3_general_ci;
/*!40101 SET character_set_client = @saved_cs_client */;

--
-- Dumping data for table `HEART_RANK`
--

LOCK TABLES `HEART_RANK` WRITE;
/*!40000 ALTER TABLE `HEART_RANK` DISABLE KEYS */;
/*!40000 ALTER TABLE `HEART_RANK` ENABLE KEYS */;
UNLOCK TABLES;

--
-- Table structure for table `INGREDIENT`
--

DROP TABLE IF EXISTS `INGREDIENT`;
/*!40101 SET @saved_cs_client     = @@character_set_client */;
/*!50503 SET character_set_client = utf8mb4 */;
CREATE TABLE `INGREDIENT` (
  `id` bigint(20) NOT NULL AUTO_INCREMENT,
  `ingredient_category_id` bigint(20) DEFAULT NULL,
  `name` varchar(30) DEFAULT NULL,
  `image` varchar(255) DEFAULT NULL,
  PRIMARY KEY (`id`),
  KEY `ingredient_category_id` (`ingredient_category_id`),
  CONSTRAINT `INGREDIENT_ibfk_1` FOREIGN KEY (`ingredient_category_id`) REFERENCES `INGREDIENT_CATEGORY` (`id`)
) ENGINE=InnoDB AUTO_INCREMENT=583 DEFAULT CHARSET=utf8mb3 COLLATE=utf8mb3_general_ci;
/*!40101 SET character_set_client = @saved_cs_client */;

--
-- Dumping data for table `INGREDIENT`
--

LOCK TABLES `INGREDIENT` WRITE;
/*!40000 ALTER TABLE `INGREDIENT` DISABLE KEYS */;
INSERT INTO `INGREDIENT` VALUES (1,1,'스파이스 럼',NULL),(2,1,'다크 럼(숙성)',NULL),(3,1,'블루베리 리큐어',NULL),(4,1,'앱솔루트 큐란트',NULL),(5,1,'펌킨 스매시',NULL),(6,1,'멜론 리큐어',NULL),(7,1,'체리 브랜디',NULL),(8,1,'피노 셰리',NULL),(9,1,'표준량 이상으로 알코올을 함유한 럼',NULL),(10,1,'로제 와인',NULL),(11,1,'칼바도스',NULL),(12,1,'파스티스',NULL),(13,1,'앙고스투라 비터스',NULL),(14,1,'스카치 위스키',NULL),(15,1,'바나나 리큐어',NULL),(16,1,'앱솔루트 카니발 에디션',NULL),(17,1,'프로세코',NULL),(18,1,'마라스키노 리큐어',NULL),(19,1,'살구 브랜디',NULL),(20,1,'계피 슈납스 리큐어',NULL),(21,1,'아니제트',NULL),(22,1,'그린 큐라소',NULL),(23,1,'에이지드 쿠바럼',NULL),(24,1,'블랙베리 리큐어',NULL),(25,1,'블랙베리 브랜디',NULL),(26,1,'초콜릿 리큐어',NULL),(27,1,'갈리아노',NULL),(28,1,'초콜릿 비터즈',NULL),(29,1,'앱솔루트 와일드 베리',NULL),(30,1,'칵테일 어니언',NULL),(31,1,'자몽 비터스',NULL),(32,1,'오렌지 맛 브랜디',NULL),(33,1,'진저엘',NULL),(34,1,'바닐라 리큐어',NULL),(35,1,'오렌지 럼',NULL),(36,1,'노일리 프라트',NULL),(37,1,'라즈베리 리큐어',NULL),(38,1,'오렌지 비터즈',NULL),(39,1,'앱솔루트 그레이프',NULL),(40,1,'앱솔루트 주스 루바브',NULL),(41,1,'엘더플라워 리큐르',NULL),(42,1,'복숭아맛 버본',NULL),(43,1,'그린 애플 리큐어',NULL),(44,1,'앱솔루트 패션프루트',NULL),(45,1,'버터스카치 슈납스',NULL),(46,1,'라이치 리큐어',NULL),(47,1,'스위트 버무스',NULL),(48,1,'다크 카카오 리큐어',NULL),(49,1,'블러디 메리 믹스',NULL),(50,1,'진(올드 톰)',NULL),(51,1,'아이리시 위스키',NULL),(52,1,'앱솔루트 실란트로',NULL),(53,1,'바이슨 그래스 보드카',NULL),(54,1,'아마레또',NULL),(55,1,'코디얼 메독',NULL),(56,1,'페르노 아브신트',NULL),(57,1,'크렘 드 뮈르',NULL),(58,1,'복숭아 브랜디',NULL),(59,1,'캐나다 위스키',NULL),(60,1,'큐컴버 비터',NULL),(61,1,'앱솔루트 페어',NULL),(62,1,'앱솔루트 바니리아',NULL),(63,1,'흑맥주',NULL),(64,1,'초콜릿과 오렌지 리큐어',NULL),(65,1,'메스칼',NULL),(66,1,'페이쇼 비터즈',NULL),(67,1,'브랜디',NULL),(68,1,'하드 사이다',NULL),(69,1,'아페롤',NULL),(70,1,'진저 리큐어',NULL),(71,1,'파인애플 리큐어',NULL),(72,1,'레포사도 데킬라',NULL),(73,1,'앱솔루트 애플',NULL),(74,1,'퀴멜',NULL),(75,1,'앱솔루트 워터멜론',NULL),(76,1,'체리 리큐어',NULL),(77,1,'마르티니크 에이지드 럼',NULL),(78,1,'민트 아마로',NULL),(79,1,'팔레르눔',NULL),(80,1,'앱솔루트 망고',NULL),(81,1,'앱솔루트 맨드린',NULL),(82,1,'라이 위스키',NULL),(83,1,'패션 프루트 리큐어',NULL),(84,1,'데킬라',NULL),(85,1,'허브 리큐어',NULL),(86,1,'골드쉬라거 리큐어',NULL),(87,1,'블루 큐라소',NULL),(88,1,'아이티 스타일 럼',NULL),(89,1,'앱솔루트 라즈베리',NULL),(90,1,'앱솔루트 페퍼',NULL),(91,1,'키위 리큐어',NULL),(92,1,'따뜻한 꼬냑',NULL),(93,1,'피상 암본',NULL),(94,1,'버본',NULL),(95,1,'블랙 라즈베리 리큐어',NULL),(96,1,'크림 리큐어',NULL),(97,1,'앱솔루트 시트론',NULL),(98,1,'트리플 섹',NULL),(99,1,'앱솔루트 엘릭스',NULL),(100,1,'버',NULL),(101,1,'복숭아 슈납스',NULL),(102,1,'오드비',NULL),(103,1,'진저비어',NULL),(104,1,'깔루아',NULL),(105,1,'셰리',NULL),(106,1,'진',NULL),(107,1,'앱솔루트 와일드 티',NULL),(108,1,'누와제트 리큐어',NULL),(109,1,'앱솔루트 라임',NULL),(110,1,'베네딕틴 돔',NULL),(111,1,'비트가 함유된 보드카',NULL),(112,1,'플리마스 슬로 진',NULL),(113,1,'앱솔루트 히비스커스',NULL),(114,1,'스트레가',NULL),(115,1,'스파클링 와인',NULL),(116,1,'드라이 버무스',NULL),(117,1,'앱솔루트 100',NULL),(118,1,'스웨디시 푼쉬',NULL),(119,1,'화이트 크렘 드 망트',NULL),(120,1,'클로브 비터스',NULL),(121,1,'위스키/허니 리큐어',NULL),(122,1,'릴렛 블랑',NULL),(123,1,'라마조티',NULL),(124,1,'나선형 루바브',NULL),(125,1,'페퍼민트 슈납스',NULL),(126,1,'윌리엄 페어 리큐어',NULL),(127,1,'듀보네',NULL),(128,1,'복숭아 리큐어',NULL),(129,1,'페르넷 브랭커',NULL),(130,1,'아몬틸라도 셰리',NULL),(131,1,'레몬첼로',NULL),(132,1,'캄파리',NULL),(133,1,'바이올렛 리큐어',NULL),(134,1,'앱솔루트 루비 레드',NULL),(135,1,'카르다몬 비터스',NULL),(136,1,'카페리티프',NULL),(137,1,'크렘 드 피치',NULL),(138,1,'레드 와인',NULL),(139,1,'말리부 럼',NULL),(140,1,'딸기 리큐어',NULL),(141,1,'레드 베르무트',NULL),(142,1,'옐로우 샤르트뢰즈',NULL),(143,1,'피스코',NULL),(144,1,'핌즈 컵 넘버 1',NULL),(145,3,'오이 주스',NULL),(146,1,'카람보라',NULL),(147,1,'빵집 오르주',NULL),(148,1,'복숭아 비터즈',NULL),(149,1,'그린 샤르트뢰즈',NULL),(150,1,'코코넛 리큐어',NULL),(151,1,'삼부카',NULL),(152,1,'오렌지 리큐어',NULL),(153,1,'비터즈',NULL),(154,1,'화이트 포트 와인',NULL),(155,1,'압생트',NULL),(156,1,'오렌지 큐라소',NULL),(157,1,'아쿠아비트',NULL),(158,1,'귤 리큐어',NULL),(159,1,'아쿠아파바',NULL),(160,1,'앱솔루트 주스 애플',NULL),(161,1,'피버트리 엘더플라워 토닉',NULL),(162,1,'이탈리안 베르무트',NULL),(163,1,'샹보르',NULL),(164,1,'성 라파엘',NULL),(165,1,'장미 스파클링 와인',NULL),(166,1,'크렘 드 카시스',NULL),(167,1,'아일라 싱글 몰트 스카치',NULL),(168,1,'앱솔루트 어피치',NULL),(169,1,'샴페인',NULL),(170,1,'블랙 커런트 리큐어',NULL),(171,1,'자메이카 타입의 다크 럼',NULL),(172,1,'헤이즐넛 리큐어',NULL),(173,1,'앱솔루트 체리',NULL),(174,1,'루바브 리큐어',NULL),(175,1,'앱솔루트 주스 페어 & 엘더플라워',NULL),(176,1,'사케',NULL),(177,1,'레드 포트 와인',NULL),(178,1,'자스민 리큐어',NULL),(179,1,'프란젤리코',NULL),(180,1,'화이트 초콜릿 리큐어',NULL),(181,1,'릴레 루즈',NULL),(182,1,'화이트 와인',NULL),(183,1,'브라운 카카오 리큐어',NULL),(184,1,'화이트 카카오 리큐어',NULL),(185,1,'네이비 럼',NULL),(186,1,'라이트 럼',NULL),(187,1,'앱솔루트 보드카',NULL),(188,1,'앱솔루트 주스 스트로베리',NULL),(189,1,'맥주',NULL),(190,1,'아몬드향 리큐어',NULL),(191,1,'앱솔루트 베리 아사이',NULL),(192,1,'그린 박하 리큐어',NULL),(193,1,'계란 리큐어',NULL),(194,1,'애플잭',NULL),(195,1,'드람뷔',NULL),(196,1,'런던 드라이 진',NULL),(197,1,'룩사르도 마라스키노',NULL),(198,1,'크렘 드 카카오 브라운',NULL),(199,1,'마라스키노 룩사르도',NULL),(200,1,'앙고스투라 비터',NULL),(201,1,'라이 위스키',NULL),(202,1,'꼬냑',NULL),(203,1,'D.O.M. 베네딕틴',NULL),(204,1,'페이쇼드 비터스',NULL),(205,1,'크렘 드 멘트 화이트',NULL),(206,1,'메즈칼',NULL),(207,1,'크렘 드 바이올렛',NULL),(208,1,'에프리콧 브랜디',NULL),(209,1,'레드 토니 포트 와인',NULL),(210,1,'자메이카 럼',NULL),(211,1,'크렘 드 카카오 화이트',NULL),(212,1,'크렘 드 멘트 그린',NULL),(213,1,'코앵트로',NULL),(214,1,'아가베 100% 데킬라',NULL),(215,1,'자메이카 다크 럼',NULL),(216,1,'마르티니크산 당밀 럼',NULL),(217,1,'스미노프 보드카',NULL),(218,1,'쿠바산 화이트 럼',NULL),(219,1,'커피 리큐르',NULL),(220,1,'피치 슈냅스',NULL),(221,1,'푸에르토리코 골드 럼',NULL),(222,1,'데메라라 럼',NULL),(223,1,'카샤사',NULL),(224,1,'보드카 시트론',NULL),(225,1,'화이트 럼',NULL),(226,1,'드라이 화이트 와인',NULL),(227,1,'아마레토',NULL),(228,1,'아마르고 비터스',NULL),(229,1,'고슬링 럼',NULL),(230,1,'화이트 그라파',NULL),(231,1,'골드 럼',NULL),(232,1,'드라이 진',NULL),(233,1,'보드카 바닐라',NULL),(234,1,'숙성된 럼',NULL),(235,1,'에스파딘 메즈칼',NULL),(236,1,'쿠바산 아과르디엔테',NULL),(237,1,'스위트 레드 베르무트',NULL),(238,1,'아가베 100% 데킬라 블랑코',NULL),(239,1,'블렌디드 스카치 위스키',NULL),(240,1,'라가불린 16년',NULL),(241,1,'라즈베리 리큐르',NULL),(242,1,'보드카',NULL),(243,1,'럼',NULL),(244,1,'아마로 노니노',NULL),(245,1,'자메이카 오버프루프 화이트 럼',NULL),(246,1,'마라스키노',NULL),(247,1,'차가운 샴페인',NULL),(248,1,'그랑 마르니에',NULL),(249,1,'아로마 비터',NULL),(250,1,'큐라소',NULL),(251,2,'토마토',NULL),(252,2,'딸기',NULL),(253,2,'블루베리',NULL),(254,2,'방울 토마토',NULL),(255,2,'멜론',NULL),(256,2,'자보티카바',NULL),(257,2,'포도',NULL),(258,2,'말린 귤',NULL),(259,2,'레몬',NULL),(260,2,'오렌지',NULL),(261,2,'감로 멜론',NULL),(262,2,'나선형 오렌지',NULL),(263,2,'라즈베리',NULL),(264,2,'귤',NULL),(265,2,'패션 프루트',NULL),(266,2,'코코넛 워터',NULL),(267,2,'핑크 자몽',NULL),(268,2,'키위',NULL),(269,2,'블랙베리',NULL),(270,2,'라임',NULL),(271,2,'잭푸르트',NULL),(272,2,'어린 가지 로즈마리',NULL),(273,2,'질산 체리',NULL),(274,2,'복숭아',NULL),(275,2,'자두',NULL),(276,2,'사과',NULL),(277,2,'체리',NULL),(278,2,'바나나',NULL),(279,2,'나선형 라임',NULL),(280,2,'아세로라',NULL),(281,2,'아보카도',NULL),(282,2,'수박',NULL),(283,2,'레드 커런트',NULL),(284,2,'마라스키노 베리',NULL),(285,2,'어린 가지 블랙 커런트',NULL),(286,2,'살구',NULL),(287,2,'크랜베리',NULL),(288,2,'블랙 커런트',NULL),(289,2,'싱싱한 무화과',NULL),(290,2,'배',NULL),(291,2,'파인애플',NULL),(292,2,'검붉은 오렌지/빨간색 그레이프프루트',NULL),(293,2,'그레이프프루트',NULL),(294,2,'브라질산 체리',NULL),(295,2,'칵테일 체리',NULL),(296,2,'마라스키노 체리',NULL),(297,2,'청포도',NULL),(298,3,'우유',NULL),(299,3,'망고 주스',NULL),(300,3,'사과즙',NULL),(301,3,'인스턴트 과립커피',NULL),(302,3,'레몬 아이스티',NULL),(303,3,'냉커피',NULL),(304,3,'소다수',NULL),(305,3,'비터 레몬',NULL),(306,3,'등화수',NULL),(307,3,'오렌지 소다',NULL),(308,3,'라임 주스',NULL),(309,3,'시트러스 토닉 워터',NULL),(310,3,'코코넛 워터',NULL),(311,3,'애플 아이스티',NULL),(312,1,'앱솔루트 그레이프프루트',NULL),(313,3,'망고',NULL),(314,3,'핑크 그레이프프루트 주스',NULL),(315,3,'자두 주스',NULL),(316,3,'라즈베리 소다',NULL),(317,3,'매실주',NULL),(318,3,'라이트 오렌지 주스',NULL),(319,3,'라이치 주스',NULL),(320,3,'토마토 주스',NULL),(321,3,'파인애플 주스',NULL),(322,3,'클라마토',NULL),(323,3,'애플 주스(핫)',NULL),(324,3,'야생 자두 주스',NULL),(325,3,'패션 프루트 주스',NULL),(326,3,'신선한 애플 주스',NULL),(327,3,'아이스 티',NULL),(328,3,'진저주스',NULL),(329,3,'차가운 랍상 수총 차',NULL),(330,3,'커피',NULL),(331,3,'콜라',NULL),(332,3,'석류 주스',NULL),(333,3,'알로에 베라 주스',NULL),(334,3,'끓는 물',NULL),(335,3,'자몽주스',NULL),(336,3,'집에서 만든 마멀레이드',NULL),(337,3,'캐슈우 밀크',NULL),(338,3,'당근 주스',NULL),(339,3,'레몬 토닉 워터',NULL),(340,3,'박하 아이스티',NULL),(341,3,'라즈베리 주스',NULL),(342,3,'레몬에이드',NULL),(343,3,'토닉 워터',NULL),(344,3,'전유',NULL),(345,3,'로즈워터',NULL),(346,3,'그레이프프루트 소다',NULL),(347,3,'화이트 크랜베리 주스',NULL),(348,3,'구아바 넥타',NULL),(349,3,'콜드 브루 커피',NULL),(350,3,'오렌지 주스',NULL),(351,3,'올리브 주스',NULL),(352,3,'타마린드 주스',NULL),(353,3,'루비 자몽주스',NULL),(354,3,'파파야 주스',NULL),(355,3,'크랜베리 주스(핫)',NULL),(356,3,'레몬 주스',NULL),(357,3,'딸기 주스',NULL),(358,3,'하프 앤드 하프',NULL),(359,3,'물',NULL),(360,3,'배 주스',NULL),(361,3,'차',NULL),(362,3,'복숭아 넥타',NULL),(363,3,'아가베 넥타',NULL),(364,3,'에스프레소',NULL),(365,3,'망고 넥타',NULL),(366,3,'살구 주스',NULL),(367,3,'검붉은 오렌지 주스',NULL),(368,3,'네들 티',NULL),(369,3,'에그 노그',NULL),(370,3,'스파클링 콩코드 포도 주스',NULL),(371,3,'찬 에스프레소 커피',NULL),(372,3,'녹차',NULL),(373,3,'애플 주스',NULL),(374,3,'사이다',NULL),(375,3,'포도 주스',NULL),(376,3,'수박 주스',NULL),(377,3,'뜨거운 차',NULL),(378,3,'차가운 장미차',NULL),(379,3,'콤부차',NULL),(380,3,'크랜베리 주스',NULL),(381,3,'토마티요 주스',NULL),(382,3,'복숭아 아이스티',NULL),(383,3,'구아바 주스',NULL),(384,3,'비트 루트 주스',NULL),(385,3,'하비스쿠스 냉차',NULL),(386,3,'체리 주스',NULL),(387,3,'오렌지 플라워 워터',NULL),(388,3,'신선한 오렌지 주스',NULL),(389,3,'사탕수수 주스',NULL),(390,3,'직접 착즙한 라임주스',NULL),(391,3,'자몽 주스',NULL),(392,3,'뜨거운 블랙 커피',NULL),(393,3,'캐모마일 차',NULL),(394,3,'진한 에스프레소',NULL),(395,3,'자몽 소다',NULL),(396,3,'탄산수',NULL),(397,3,'미네랄 워터',NULL),(398,4,'계란 노른자',NULL),(399,1,'릴레 로제',NULL),(400,4,'패션프루트 퓨레',NULL),(401,4,'화이트 복숭아 퓌레',NULL),(402,4,'계란 흰자',NULL),(403,4,'커피 콩',NULL),(404,4,'즉석 젤라틴',NULL),(405,4,'코코넛 크림',NULL),(406,4,'라즈베리 퓌레',NULL),(407,4,'계피 스틱',NULL),(408,4,'그린 올리브',NULL),(409,4,'탄제린',NULL),(410,4,'체리 퓌레',NULL),(411,4,'딸기 퓌레',NULL),(412,4,'블랙베리 퓌레',NULL),(413,4,'비프 콩소메',NULL),(414,4,'초콜릿',NULL),(415,4,'바닐라 아이스크림',NULL),(416,4,'키위 퓌레',NULL),(417,4,'계피로 간한 루바브 풰레',NULL),(418,4,'피스타치오 아이스크림',NULL),(419,4,'계란',NULL),(420,4,'오렌지 블라썸 꿀',NULL),(421,4,'캐슈넛',NULL),(422,4,'라즈베리 잼',NULL),(423,4,'요거트',NULL),(424,4,'망고 퓌레',NULL),(425,4,'레몬 커드',NULL),(426,4,'꿀',NULL),(427,4,'석류즙',NULL),(428,4,'크림',NULL),(429,4,'바나나 퓌레',NULL),(430,4,'라이치',NULL),(431,4,'레몬 아이스캔디',NULL),(432,4,'아몬드',NULL),(433,4,'크게 부순 얼음',NULL),(434,4,'복숭아 퓌레',NULL),(435,4,'얼음',NULL),(436,4,'다크 초콜릿',NULL),(437,4,'배 퓌레',NULL),(438,4,'큐브 얼음',NULL),(439,4,'부순 얼음',NULL),(440,4,'달걀 흰자',NULL),(441,4,'신선한 크림',NULL),(442,4,'백도 복숭아 퓌레',NULL),(443,4,'잘게 부순 얼음',NULL),(444,4,'저민 생강',NULL),(445,4,'진저 캔디',NULL),(446,4,'차가운 생크림',NULL),(447,5,'셀러리',NULL),(448,5,'고수 가루',NULL),(449,5,'세이지',NULL),(450,5,'뽕나무',NULL),(451,5,'오이',NULL),(452,5,'레몬그라스',NULL),(453,5,'오이피클',NULL),(454,5,'어린 가지 민트',NULL),(455,5,'나선형 오이',NULL),(456,5,'어린 가지 로즈마리',NULL),(457,5,'방취목',NULL),(458,5,'로즈마리',NULL),(459,5,'어린 가지 바질',NULL),(460,5,'생강',NULL),(461,5,'식용 꽃',NULL),(462,5,'석류 씨',NULL),(463,5,'어린 가지 고수',NULL),(464,5,'당근',NULL),(465,5,'말린 레몬',NULL),(466,5,'바질',NULL),(467,5,'딜',NULL),(468,5,'고수',NULL),(469,6,'핫 소스',NULL),(470,6,'와사비 페이스트',NULL),(471,6,'피클 브라인',NULL),(472,6,'배 에센스',NULL),(473,6,'시트러스 껍질 올리브 브라인',NULL),(474,6,'비트 브라인',NULL),(475,6,'오이피클 국물',NULL),(476,6,'초콜릿 소스',NULL),(477,6,'연유',NULL),(478,6,'우스터 소스',NULL),(479,6,'타바스코 소스',NULL),(480,6,'바닐라 엑스트랙트',NULL),(481,7,'스타아니스',NULL),(482,7,'마늘 소금',NULL),(483,7,'바닐라',NULL),(484,7,'민트',NULL),(485,7,'발사믹 식초',NULL),(486,7,'민트잎',NULL),(487,7,'멀드 스파이스',NULL),(488,7,'개 계피',NULL),(489,7,'서양고추냉이',NULL),(490,7,'정제된 설탕',NULL),(491,7,'계피',NULL),(492,7,'수즈',NULL),(493,7,'소금',NULL),(494,7,'버터',NULL),(495,7,'할라피뇨',NULL),(496,7,'칠레 고추',NULL),(497,7,'스테비아',NULL),(498,7,'바닐라 추출물',NULL),(499,7,'루쿠마 파우더',NULL),(500,7,'마카 파우더',NULL),(501,7,'간 생강',NULL),(502,7,'너트맥',NULL),(503,7,'커피 원두',NULL),(504,7,'핑크 페퍼',NULL),(505,7,'황설탕',NULL),(506,7,'갈설탕(흰색)',NULL),(507,7,'블랙페퍼 가루',NULL),(508,7,'셀러리 솔트',NULL),(509,7,'블루 버터플라이 피 블로섬 추출물',NULL),(510,7,'말차 파우더',NULL),(511,7,'신선한 레몬즙',NULL),(512,7,'각설탕',NULL),(513,7,'레몬즙',NULL),(514,7,'라임즙',NULL),(515,7,'신선한 라임즙',NULL),(516,7,'정제 백설탕',NULL),(517,7,'팔레넘',NULL),(518,7,'얇게 저민 홍고추',NULL),(519,7,'설탕',NULL),(520,7,'백설탕',NULL),(521,7,'셀러리 소금',NULL),(522,7,'후추',NULL),(523,7,'가루 설탕',NULL),(524,7,'고운 설탕',NULL),(525,8,'차이 녹차 시럽',NULL),(526,8,'민트 시럽',NULL),(527,8,'설탕 시럽',NULL),(528,8,'그린 애플 시럽',NULL),(529,8,'라임과 레몬그라스 코디얼',NULL),(530,8,'메이플 시럽',NULL),(531,8,'계피 시럽',NULL),(532,8,'라즈베리 시럽',NULL),(533,8,'크랜베리 시럽',NULL),(534,8,'딸기와 말린 흑후추 열매 시럽',NULL),(535,8,'체리 시럽',NULL),(536,8,'집에서 만든 펜넬 코디얼',NULL),(537,8,'우드러프 시럽',NULL),(538,8,'패션 프루트 시럽',NULL),(539,8,'라임 코디얼',NULL),(540,8,'블랙베리 시럽',NULL),(541,8,'진저 시럽',NULL),(542,8,'복숭아와 캐러웨이 시럽',NULL),(543,8,'스파이시 시럽',NULL),(544,8,'로즈마리 시럽',NULL),(545,8,'꿀 시럽',NULL),(546,8,'네들 코디얼',NULL),(547,8,'캐러멜 시럽',NULL),(548,8,'그린 바나나 시럽',NULL),(549,8,'코코넛 시럽',NULL),(550,8,'아몬드 시럽',NULL),(551,8,'블루베리 시럽',NULL),(552,8,'딸기 시럽',NULL),(553,8,'어린 가지 레드 커런트',NULL),(554,8,'복숭아 시럽',NULL),(555,8,'샤프론 설탕 시럽',NULL),(556,8,'바닐라 시럽',NULL),(557,8,'슈가시럽',NULL),(558,8,'완두콩과 슬픈 허브 시럽',NULL),(559,8,'바닐라 코디얼',NULL),(560,8,'나선형 레몬 껍질',NULL),(561,8,'파인애플 시럽',NULL),(562,8,'딱총나무 꽃 코디얼',NULL),(563,8,'라즈베리 코디얼',NULL),(564,8,'그레나딘 시럽',NULL),(565,8,'심플 시럽',NULL),(566,8,'오르쟈 시럽',NULL),(567,8,'시나몬 시럽',NULL),(568,8,'캐모마일 코디얼',NULL),(569,8,'엘더플라워 코디얼',NULL),(570,8,'모닌 허니 시럽',NULL),(571,8,'허니 시럽',NULL),(572,8,'아가베 시럽',NULL),(573,9,'말린 버터플라이 피 블로섬',NULL),(574,9,'나선형 자몽 껍질',NULL),(575,9,'자몽 껍질',NULL),(576,9,'레몬 껍질',NULL),(577,9,'빨대',NULL),(578,9,'오렌지 껍질',NULL),(579,9,'사용된 홍차 티백',NULL),(580,9,'오렌지 필',NULL),(581,9,'민트 잎',NULL),(582,9,'민트잎가지',NULL);
/*!40000 ALTER TABLE `INGREDIENT` ENABLE KEYS */;
UNLOCK TABLES;

--
-- Table structure for table `INGREDIENT_CATEGORY`
--

DROP TABLE IF EXISTS `INGREDIENT_CATEGORY`;
/*!40101 SET @saved_cs_client     = @@character_set_client */;
/*!50503 SET character_set_client = utf8mb4 */;
CREATE TABLE `INGREDIENT_CATEGORY` (
  `id` bigint(20) NOT NULL AUTO_INCREMENT,
  `name` varchar(50) DEFAULT NULL,
  PRIMARY KEY (`id`)
) ENGINE=InnoDB AUTO_INCREMENT=10 DEFAULT CHARSET=utf8mb3 COLLATE=utf8mb3_general_ci;
/*!40101 SET character_set_client = @saved_cs_client */;

--
-- Dumping data for table `INGREDIENT_CATEGORY`
--

LOCK TABLES `INGREDIENT_CATEGORY` WRITE;
/*!40000 ALTER TABLE `INGREDIENT_CATEGORY` DISABLE KEYS */;
INSERT INTO `INGREDIENT_CATEGORY` VALUES (1,'alcohol'),(2,'fruit'),(3,'beverage'),(4,'food'),(5,'vegetable'),(6,'sauce'),(7,'spice'),(8,'syrup'),(9,'decoration');
/*!40000 ALTER TABLE `INGREDIENT_CATEGORY` ENABLE KEYS */;
UNLOCK TABLES;

--
-- Table structure for table `MEMBER`
--

DROP TABLE IF EXISTS `MEMBER`;
/*!40101 SET @saved_cs_client     = @@character_set_client */;
/*!50503 SET character_set_client = utf8mb4 */;
CREATE TABLE `MEMBER` (
  `id` bigint(20) NOT NULL AUTO_INCREMENT,
  `nickname` varchar(20) DEFAULT NULL,
  `birth_date` date DEFAULT NULL,
  `gender` enum('MALE','FEMALE') DEFAULT NULL,
  `oauth_sub` varchar(50) DEFAULT NULL,
  `oauth_provider` enum('KAKAO','NAVER','GOOGLE') DEFAULT NULL,
  `survey_completion` tinyint(1) DEFAULT NULL,
  PRIMARY KEY (`id`)
) ENGINE=InnoDB AUTO_INCREMENT=11 DEFAULT CHARSET=utf8mb3 COLLATE=utf8mb3_general_ci;
/*!40101 SET character_set_client = @saved_cs_client */;

--
-- Dumping data for table `MEMBER`
--

LOCK TABLES `MEMBER` WRITE;
/*!40000 ALTER TABLE `member` DISABLE KEYS */;
/*!40000 ALTER TABLE `member` ENABLE KEYS */;
UNLOCK TABLES;

--
-- Table structure for table `OCCASION`
--

DROP TABLE IF EXISTS `OCCASION`;
/*!40101 SET @saved_cs_client     = @@character_set_client */;
/*!50503 SET character_set_client = utf8mb4 */;
CREATE TABLE `OCCASION` (
  `id` bigint(20) NOT NULL AUTO_INCREMENT,
  `name` varchar(50) DEFAULT NULL,
  PRIMARY KEY (`id`)
) ENGINE=InnoDB AUTO_INCREMENT=23 DEFAULT CHARSET=utf8mb3 COLLATE=utf8mb3_general_ci;
/*!40101 SET character_set_client = @saved_cs_client */;

--
-- Dumping data for table `OCCASION`
--

LOCK TABLES `OCCASION` WRITE;
/*!40000 ALTER TABLE `occasion` DISABLE KEYS */;
INSERT INTO `OCCASION` VALUES (1,'프라이드'),(2,'배우자의 날'),(3,'성 파트리치오 축일'),(4,'식전 술'),(5,'봄'),(6,'발렌타인 데이'),(7,'새해'),(8,'부활절'),(9,'크리스마스'),(10,'에스프레소 마티니의 날'),(11,'추수감사절'),(12,'싱코 데 마요'),(13,'식후 술'),(14,'오후 술'),(15,'저녁 술'),(16,'바캉스'),(17,'한여름'),(18,'가을'),(19,'슈퍼 보울'),(20,'반대의 날'),(21,'미정'),(22,'none');
/*!40000 ALTER TABLE `OCCASION` ENABLE KEYS */;
UNLOCK TABLES;

--
-- Table structure for table `RECOMMENDED`
--

DROP TABLE IF EXISTS `RECOMMENDED`;
/*!40101 SET @saved_cs_client     = @@character_set_client */;
/*!50503 SET character_set_client = utf8mb4 */;
CREATE TABLE `RECOMMENDED` (
  `id` bigint(20) NOT NULL AUTO_INCREMENT,
  `member_id` bigint(20) DEFAULT NULL,
  `cocktail_id` bigint(20) DEFAULT NULL,
  PRIMARY KEY (`id`),
  KEY `member_id` (`member_id`),
  KEY `cocktail_id` (`cocktail_id`),
  CONSTRAINT `RECOMMENDED_ibfk_1` FOREIGN KEY (`member_id`) REFERENCES `MEMBER` (`id`),
  CONSTRAINT `RECOMMENDED_ibfk_2` FOREIGN KEY (`cocktail_id`) REFERENCES `COCKTAIL` (`id`)
) ENGINE=InnoDB DEFAULT CHARSET=utf8mb3 COLLATE=utf8mb3_general_ci;
/*!40101 SET character_set_client = @saved_cs_client */;

--
-- Dumping data for table `RECOMMENDED`
--

LOCK TABLES `RECOMMENDED` WRITE;
/*!40000 ALTER TABLE `RECOMMENDED` DISABLE KEYS */;
/*!40000 ALTER TABLE `RECOMMENDED` ENABLE KEYS */;
UNLOCK TABLES;

--
-- Table structure for table `REFRIGERATOR`
--

DROP TABLE IF EXISTS `REFRIGERATOR`;
/*!40101 SET @saved_cs_client     = @@character_set_client */;
/*!50503 SET character_set_client = utf8mb4 */;
CREATE TABLE `REFRIGERATOR` (
  `id` bigint(20) NOT NULL AUTO_INCREMENT,
  `member_id` bigint(20) DEFAULT NULL,
  `ingredient_id` bigint(20) DEFAULT NULL,
  PRIMARY KEY (`id`),
  KEY `member_id` (`member_id`),
  KEY `ingredient_id` (`ingredient_id`),
  CONSTRAINT `REFRIGERATOR_ibfk_1` FOREIGN KEY (`member_id`) REFERENCES `MEMBER` (`id`),
  CONSTRAINT `REFRIGERATOR_ibfk_2` FOREIGN KEY (`ingredient_id`) REFERENCES `INGREDIENT` (`id`)
) ENGINE=InnoDB AUTO_INCREMENT=172 DEFAULT CHARSET=utf8mb3 COLLATE=utf8mb3_general_ci;
/*!40101 SET character_set_client = @saved_cs_client */;

--
-- Dumping data for table `REFRIGERATOR`
--

LOCK TABLES `REFRIGERATOR` WRITE;
/*!40000 ALTER TABLE `REFRIGERATOR` DISABLE KEYS */;
INSERT INTO `REFRIGERATOR` VALUES (1,1,2),(2,1,1),(3,1,3),(4,1,12),(118,3,176),(132,3,259),(135,3,111),(139,3,33),(140,3,187),(143,3,79),(150,3,226),(152,3,374),(153,3,209),(154,3,576),(155,3,97),(169,3,536),(170,3,559),(171,3,562);
/*!40000 ALTER TABLE `REFRIGERATOR` ENABLE KEYS */;
UNLOCK TABLES;

--
-- Table structure for table `SURVEY`
--

DROP TABLE IF EXISTS `SURVEY`;
/*!40101 SET @saved_cs_client     = @@character_set_client */;
/*!50503 SET character_set_client = utf8mb4 */;
CREATE TABLE `SURVEY` (
  `id` bigint(20) NOT NULL AUTO_INCREMENT,
  `member_id` bigint(20) DEFAULT NULL,
  `occasion_id` bigint(20) DEFAULT NULL,
  `base_id` bigint(20) DEFAULT NULL,
  `alcohol_content` int(11) DEFAULT NULL,
  `sweetness` int(11) DEFAULT NULL,
  PRIMARY KEY (`id`),
  KEY `member_id` (`member_id`),
  KEY `occasion_id` (`occasion_id`),
  KEY `base_id` (`base_id`),
  CONSTRAINT `SURVEY_ibfk_1` FOREIGN KEY (`member_id`) REFERENCES `MEMBER` (`id`),
  CONSTRAINT `SURVEY_ibfk_2` FOREIGN KEY (`occasion_id`) REFERENCES `OCCASION` (`id`),
  CONSTRAINT `SURVEY_ibfk_3` FOREIGN KEY (`base_id`) REFERENCES `BASE` (`id`)
) ENGINE=InnoDB AUTO_INCREMENT=8 DEFAULT CHARSET=utf8mb3 COLLATE=utf8mb3_general_ci;
/*!40101 SET character_set_client = @saved_cs_client */;

--
-- Dumping data for table `SURVEY`
--

LOCK TABLES `SURVEY` WRITE;
/*!40000 ALTER TABLE `SURVEY` DISABLE KEYS */;
/*!40000 ALTER TABLE `SURVEY` ENABLE KEYS */;
UNLOCK TABLES;

--
-- Table structure for table `SURVEY_COCKTAIL`
--

DROP TABLE IF EXISTS `SURVEY_COCKTAIL`;
/*!40101 SET @saved_cs_client     = @@character_set_client */;
/*!50503 SET character_set_client = utf8mb4 */;
CREATE TABLE `SURVEY_COCKTAIL` (
  `id` bigint(20) NOT NULL AUTO_INCREMENT,
  `survey_id` bigint(20) DEFAULT NULL,
  `cocktail_id` bigint(20) DEFAULT NULL,
  PRIMARY KEY (`id`),
  KEY `survey_id` (`survey_id`),
  KEY `cocktail_id` (`cocktail_id`),
  CONSTRAINT `SURVEY_COCKTAIL_ibfk_1` FOREIGN KEY (`survey_id`) REFERENCES `SURVEY` (`id`),
  CONSTRAINT `SURVEY_COCKTAIL_ibfk_2` FOREIGN KEY (`cocktail_id`) REFERENCES `COCKTAIL` (`id`)
) ENGINE=InnoDB AUTO_INCREMENT=14 DEFAULT CHARSET=utf8mb3 COLLATE=utf8mb3_general_ci;
/*!40101 SET character_set_client = @saved_cs_client */;

--
-- Dumping data for table `SURVEY_COCKTAIL`
--

LOCK TABLES `SURVEY_COCKTAIL` WRITE;
/*!40000 ALTER TABLE `SURVEY_COCKTAIL` DISABLE KEYS */;
/*!40000 ALTER TABLE `SURVEY_COCKTAIL` ENABLE KEYS */;
UNLOCK TABLES;

--
-- Table structure for table `SURVEY_INGREDIENT`
--

DROP TABLE IF EXISTS `SURVEY_INGREDIENT`;
/*!40101 SET @saved_cs_client     = @@character_set_client */;
/*!50503 SET character_set_client = utf8mb4 */;
CREATE TABLE `SURVEY_INGREDIENT` (
  `id` bigint(20) NOT NULL AUTO_INCREMENT,
  `survey_id` bigint(20) DEFAULT NULL,
  `ingredient_id` bigint(20) DEFAULT NULL,
  PRIMARY KEY (`id`),
  KEY `survey_id` (`survey_id`),
  KEY `ingredient_id` (`ingredient_id`),
  CONSTRAINT `SURVEY_INGREDIENT_ibfk_1` FOREIGN KEY (`survey_id`) REFERENCES `SURVEY` (`id`),
  CONSTRAINT `SURVEY_INGREDIENT_ibfk_2` FOREIGN KEY (`ingredient_id`) REFERENCES `INGREDIENT` (`id`)
) ENGINE=InnoDB AUTO_INCREMENT=16 DEFAULT CHARSET=utf8mb3 COLLATE=utf8mb3_general_ci;
/*!40101 SET character_set_client = @saved_cs_client */;

--
-- Dumping data for table `SURVEY_INGREDIENT`
--

LOCK TABLES `SURVEY_INGREDIENT` WRITE;
/*!40000 ALTER TABLE `SURVEY_INGREDIENT` DISABLE KEYS */;
/*!40000 ALTER TABLE `SURVEY_INGREDIENT` ENABLE KEYS */;
UNLOCK TABLES;

--
-- Table structure for table `TOOL`
--

DROP TABLE IF EXISTS `TOOL`;
/*!40101 SET @saved_cs_client     = @@character_set_client */;
/*!50503 SET character_set_client = utf8mb4 */;
CREATE TABLE `TOOL` (
  `id` bigint(20) NOT NULL AUTO_INCREMENT,
  `name` varchar(50) DEFAULT NULL,
  `detail` varchar(255) DEFAULT NULL,
  `image` varchar(255) DEFAULT NULL,
  PRIMARY KEY (`id`)
) ENGINE=InnoDB AUTO_INCREMENT=16 DEFAULT CHARSET=utf8mb3 COLLATE=utf8mb3_general_ci;
/*!40101 SET character_set_client = @saved_cs_client */;

--
-- Dumping data for table `TOOL`
--

LOCK TABLES `TOOL` WRITE;
/*!40000 ALTER TABLE `TOOL` DISABLE KEYS */;
INSERT INTO `TOOL` VALUES (1,'체',NULL,'https://kr.object.ncloudstorage.com/dalkak/basic/567f3828-3e5a-4b7f-b24e-ee7c20d79ec1.png'),(2,'지거',NULL,'https://kr.object.ncloudstorage.com/dalkak/basic/c7b343e6-14db-47b2-9c36-e97ff0bb9ecd.png'),(3,'셰이커',NULL,'https://kr.object.ncloudstorage.com/dalkak/basic/b2c3624a-f2e1-4701-a6f4-492cd0280fe9.png'),(4,'쉐이커',NULL,'https://kr.object.ncloudstorage.com/dalkak/basic/b2c3624a-f2e1-4701-a6f4-492cd0280fe9.png'),(5,'스트레이너',NULL,'https://kr.object.ncloudstorage.com/dalkak/basic/567f3828-3e5a-4b7f-b24e-ee7c20d79ec1.png'),(6,'바 스푼',NULL,'https://kr.object.ncloudstorage.com/dalkak/basic/52a9aca1-9a8f-4f3d-ac09-4230f3178298.png'),(7,'메쉬 스트레이너',NULL,'https://kr.object.ncloudstorage.com/dalkak/basic/567f3828-3e5a-4b7f-b24e-ee7c20d79ec1.png'),(8,'칵테일 픽',NULL,'https://kr.object.ncloudstorage.com/dalkak/basic/3fc8a69c-dd30-4aa1-8184-5d69a308cf79.png'),(9,'필러',NULL,'https://kr.object.ncloudstorage.com/dalkak/basic/f7d5d69e-73f0-4172-8e7e-0c722828d61f.png'),(10,'믹싱 글라스',NULL,'https://kr.object.ncloudstorage.com/dalkak/basic/7ae96a01-bccd-4941-919f-f44c29c01268.png'),(11,'머들러',NULL,'https://kr.object.ncloudstorage.com/dalkak/basic/92d2cc27-3d07-47a6-821a-6a8020c0d804.png'),(12,'그레이터',NULL,'https://kr.object.ncloudstorage.com/dalkak/basic/408c8b0f-cb7d-4e96-b8e6-1b45c989e86b.png'),(13,'블렌더',NULL,'https://kr.object.ncloudstorage.com/dalkak/basic/5f20545a-42ef-4b3e-8496-d0e81ba1ce4a.png'),(14,'더블 스트레인',NULL,'https://kr.object.ncloudstorage.com/dalkak/basic/6aea658e-c0eb-4078-97c8-4969ca9a89ca.png'),(15,'none',NULL,NULL);
/*!40000 ALTER TABLE `TOOL` ENABLE KEYS */;
UNLOCK TABLES;

--
-- Table structure for table `UNIT`
--

DROP TABLE IF EXISTS `UNIT`;
/*!40101 SET @saved_cs_client     = @@character_set_client */;
/*!50503 SET character_set_client = utf8mb4 */;
CREATE TABLE `UNIT` (
  `id` bigint(20) NOT NULL AUTO_INCREMENT,
  `name` varchar(10) DEFAULT NULL,
  PRIMARY KEY (`id`)
) ENGINE=InnoDB AUTO_INCREMENT=12 DEFAULT CHARSET=utf8mb3 COLLATE=utf8mb3_general_ci;
/*!40101 SET character_set_client = @saved_cs_client */;

--
-- Dumping data for table `UNIT`
--

LOCK TABLES `UNIT` WRITE;
/*!40000 ALTER TABLE `UNIT` DISABLE KEYS */;
INSERT INTO `UNIT` VALUES (1,'개'),(2,'웨지'),(3,'슬라이스'),(4,'꼬집'),(5,'조각'),(6,'ml'),(7,'스쿱'),(8,'방울'),(9,'그램'),(10,'잎'),(11,'none');
/*!40000 ALTER TABLE `UNIT` ENABLE KEYS */;
UNLOCK TABLES;

--
-- Table structure for table `WISHLIST`
--

DROP TABLE IF EXISTS `WISHLIST`;
/*!40101 SET @saved_cs_client     = @@character_set_client */;
/*!50503 SET character_set_client = utf8mb4 */;
CREATE TABLE `WISHLIST` (
  `id` bigint(20) NOT NULL AUTO_INCREMENT,
  `member_id` bigint(20) DEFAULT NULL,
  `ingredient_id` bigint(20) DEFAULT NULL,
  PRIMARY KEY (`id`),
  KEY `member_id` (`member_id`),
  KEY `ingredient_id` (`ingredient_id`),
  CONSTRAINT `WISHLIST_ibfk_1` FOREIGN KEY (`member_id`) REFERENCES `MEMBER` (`id`),
  CONSTRAINT `WISHLIST_ibfk_2` FOREIGN KEY (`ingredient_id`) REFERENCES `INGREDIENT` (`id`)
) ENGINE=InnoDB AUTO_INCREMENT=83 DEFAULT CHARSET=utf8mb3 COLLATE=utf8mb3_general_ci;
/*!40101 SET character_set_client = @saved_cs_client */;

--
-- Dumping data for table `WISHLIST`
--

LOCK TABLES `WISHLIST` WRITE;
/*!40000 ALTER TABLE `WISHLIST` DISABLE KEYS */;
INSERT INTO `WISHLIST` VALUES (76,3,529),(77,3,559),(79,3,546),(80,3,55),(81,3,433),(82,3,435);
/*!40000 ALTER TABLE `WISHLIST` ENABLE KEYS */;
UNLOCK TABLES;
/*!40103 SET TIME_ZONE=@OLD_TIME_ZONE */;

/*!40101 SET SQL_MODE=@OLD_SQL_MODE */;
/*!40014 SET FOREIGN_KEY_CHECKS=@OLD_FOREIGN_KEY_CHECKS */;
/*!40014 SET UNIQUE_CHECKS=@OLD_UNIQUE_CHECKS */;
/*!40101 SET CHARACTER_SET_CLIENT=@OLD_CHARACTER_SET_CLIENT */;
/*!40101 SET CHARACTER_SET_RESULTS=@OLD_CHARACTER_SET_RESULTS */;
/*!40101 SET COLLATION_CONNECTION=@OLD_COLLATION_CONNECTION */;
/*!40111 SET SQL_NOTES=@OLD_SQL_NOTES */;
